Conteúdo,Título do vídeo,Horário de publicação do vídeo,Duração,Inscritos,Porcentagem visualizada média (%),"Marcações ""Gostei""",Compartilhamentos,Visualizações,Impressões de miniaturas,Taxa de cliques na miniatura (%),Duração média da visualização
Total,,,,2574,39.43,21235,2445,378191,4704216,6.04,0:01:54
XcbSiVvjTyA,Guardiola AVISOU que o VITÓRIA seria CAMPEÃO da SÉRIE B,"Oct 3, 2023",311,164,43.6,988,156,20977,152414,10.58,0:02:15
F-e6bvyiYts,A reviravolta HISTÓRICA do AMAZONAS na SÉRIE C,"Oct 3, 2023",226,168,48.47,941,58,19725,219510,7,0:01:49
ZGJOi3JDcSw,QUANTOS pontos o BOTAFOGO precisa para ser CAMPEÃO do BRASILEIRÃO 2023?,"Jul 22, 2023",177,81,48.46,482,70,12674,101326,10.95,0:01:25
o2E2aCx0NaI,"Essa LIBERTADORES é pra VOCÊ, Fábio…","Nov 7, 2023",313,41,42.66,664,30,12287,111527,8.14,0:02:13
NWceMjV4yq4,Sport Recife: a sensação do futebol brasileiro em 2023,"Apr 28, 2023",122,87,57.62,658,50,11451,88125,10.92,0:01:10
2ljMoIV4qaI,Guardiola EXPLICA: o que o BOTAFOGO precisa para GANHAR o BRASILEIRÃO?,"Oct 31, 2023",518,51,29.19,424,52,10251,82645,9.02,0:02:31
DqCDUr8Nkc8,O MILAGRE que fez o VILA NOVA sonhar com a SÉRIE A,"Nov 22, 2023",265,47,44.15,450,34,10064,70904,9.26,0:01:57
MEAa-uOS-AU,O QUE É xG no FUTEBOL? Entenda o que são os GOLS ESPERADOS!,"Sep 10, 2023",399,114,28.55,590,70,9116,36102,5.95,0:01:53
afkB8SECnuA,Como o Botafogo Chegou Até a Liderança do Brasileirão?,"Jul 18, 2023",424,120,41.09,548,30,7709,75666,6.4,0:02:54
iMxvIpAjKvg,FINAL da LIBERTADORES - quando THIAGO NEVES foi o QUASE HERÓI do FLUMINENSE!,"Nov 3, 2023",319,13,29.58,183,14,7508,51422,9.58,0:01:34
NM4hvS-ns3o,Arbitragem polêmica: Atlético-MG e Flamengo prejudicados? | Brasileirão 2023,"Jul 30, 2023",167,23,61.79,147,133,6209,50536,10.64,0:01:43
pktxmyAR2Fo,"Como joga SEGOVINHA, xodó do BOTAFOGO?","Jul 20, 2023",264,37,40.1,236,4,5909,45587,9.42,0:01:45
YMDc-AnC2f8,COMO JOGA TIQUINHO SOARES do BOTAFOGO!?,"Sep 4, 2023",323,39,50.58,320,75,5678,63986,7.11,0:02:43
LPR0uAueemg,6 RECORDES que VOJVODA quebrou no FORTALEZA,"Sep 5, 2023",206,77,53.91,491,26,5599,46555,8.94,0:01:51
lCGrQW1gMGI,QUANTOS pontos o SANTOS precisava para NÃO ser REBAIXADO no BRASILEIRÃO 2023?,"Aug 8, 2023",191,21,41.29,110,16,4518,44297,8.49,0:01:18
EsuZXvW4scE,BAHIA foi PREJUDICADO contra o GRÊMIO pelo árbitro WILTON PEREIRA SAMPAIO?,"Jul 13, 2023",134,6,52.31,90,184,4460,29019,12.1,0:01:10
KXeLFfPy-1M,QUANTOS pontos o GUARANI precisa para SUBIR para SÉRIE A?,"Sep 12, 2023",255,68,53.76,400,47,4336,38184,8.31,0:02:17
vLjUCOc5P7g,Mão do David Luiz? Flamengo foi AJUDADO pela ARBITRAGEM contra o Olimpia na Libertadores?,"Aug 4, 2023",156,8,40.45,52,323,4035,23567,11.9,0:01:03
Zbi2bFjXKns,Paysandu sofreu... mas SUBIU!,"Sep 26, 2023",176,70,55.57,335,11,3961,39121,8.04,0:01:37
FkrEn9HoCnw,Árbitro FIFA Paulo Cesar Zanovelli precisa ser BANIDO do futebol,"May 12, 2023",151,10,47.1,68,40,3619,25658,12.25,0:01:11
fnvlaMwTYm4,COMO JOGA PAYET!? o NOVO REFORÇO do VASCO da GAMA!,"Aug 18, 2023",184,18,45.29,116,10,3574,38558,7.28,0:01:23
 --k5wm1yP-4,TRANSFERÊNCIAS do PSG nesse MERCADO DA BOLA 🚨🤯,"Jul 8, 2023",369,40,44.52,106,2,3439,44673,5.51,0:02:44
yvfX14Ea6VM,Como BRUNO HENRIQUE jogaria no PALMEIRAS?,"Sep 22, 2023",194,18,36.7,139,6,3329,23691,12.42,0:01:11
GDlc2btrtLs,QUAIS JOGADORES FORAM JOGAR NA ARÁBIA SAUDITA?,"Jun 27, 2023",473,29,41.87,110,9,3218,47542,5.54,0:03:18
74eYBaW8QzU,QUAIS times vão SUBIR pra SÉRIE A e QUAIS times vão CAIR da SÉRIE B?,"Nov 1, 2023",422,9,29.45,104,1,3193,33672,8.2,0:02:03
GYn5Msty1xQ,LUCIANO EXPULSO? CALLERI fez gol IRREGULAR? DARONCO POLÊMICO em Palmeiras e São Paulo,"Jul 15, 2023",210,12,41.21,58,36,2939,21854,9.08,0:01:26
ukk283U60Js,Fortaleza campeão: o dono do Ceará,"Apr 9, 2023",184,35,48.43,170,23,2844,45519,5.24,0:01:29
vn6JJBRfAJg,O segredo por trás de temporada de sucesso do Fortaleza,"Oct 11, 2023",291,40,50.55,266,6,2766,39933,5.2,0:02:27
aHK8tphwml8,O CRICIÚMA RESSURGIU!,"Nov 24, 2023",467,30,47.62,256,33,2671,35361,5.59,0:03:42
Go4azNnRTjE,Não faltavam motivos para acreditar...,"Oct 8, 2023",297,19,32.19,128,5,2668,77384,2.58,0:01:35
kYrSkqpHsuQ,GOL HISTÓRICO de ADRIANO IMPERADOR pela SELEÇÃO BRASILEIRA,"Sep 9, 2023",205,11,55.31,164,31,2652,16512,5.58,0:01:53
C68uDUpzv8M,O QUE MESSI ENSINA SOBRE FUTEBOL QUE NINGUÉM MAIS PODE…,"Aug 31, 2023",285,44,50.69,198,48,2605,25726,8.12,0:02:24
z4H4BggeFRM,MÃO do LUCAS MOURA? CBF passa VERGONHA explicando POLÊMICA de São Paulo x Corinthians,"Aug 22, 2023",190,6,41.53,47,7,2518,27640,8.63,0:01:18
dWsT3oOJUPo,Athletico-PR ✅ Libertadores: Bento é o goleiro mais decisivo do Brasil?,"Jun 7, 2023",197,24,53.57,140,9,2413,22303,8.33,0:01:45
3lbjFfCSE8o,AMARELO para LUCIANO na COMEMORAÇÃO e COTOVELADA: POLÊMICAS de CORINTHIANS x SÃO PAULO - Copa do BR,"Jul 26, 2023",169,2,38.26,42,34,2310,14744,14.07,0:01:04
gtR5OrsJaA4,O caminho épico do Vitória: 20 temporadas à glória no Brasileirão Série B,"Dec 4, 2023",988,36,34.37,218,22,2173,29890,5.1,0:05:39
rPnbbgAlCJ8,TODAS as CONTRATAÇÕES da ARÁBIA SAUDITA para a temporada 2023,"Aug 15, 2023",412,15,46.23,103,13,2148,24942,7.2,0:03:10
_ojLdzfN0EY,Veja o que Luis Suárez falou depois de ganhar a Bola de Ouro do Brasileirão,"Dec 8, 2023",285,8,38.26,103,4,2110,22879,7.7,0:01:49
pA0tobEcJUQ,Fortaleza ou Corinthians na final da Sul Americana 2023?,"Sep 7, 2023",194,16,39.55,74,1,2109,26985,6.68,0:01:16
AeX8dUuJfVY,O VAR errou no pênalti marcado para o Santos x Vasco?,"Oct 1, 2023",124,6,56.08,56,50,2090,17550,7.79,0:01:09
yV-sPYrH9cg,Qual a nota para a ESTREIA do PAYET pelo Vasco?,"Sep 4, 2023",319,15,47.24,129,17,2024,27541,6.1,0:02:30
47Zw83FR0Iw,"Como joga GABRIEL MOSCARDO, revelação do CORINTHIANS?","Aug 22, 2023",286,14,47.12,100,12,2014,27829,5.82,0:02:14
htJTbXU8k4Y,QUANTOS pontos o CRUZEIRO precisa para NÃO ser REBAIXADO no BRASILEIRÃO 2023?,"Oct 17, 2023",196,12,41.44,71,6,1898,22236,7.47,0:01:21
gY66Qhnp4IM,RONY DESTRUIU o DEPORTIVO PEREIRA 0x4 PALMEIRAS - LIBERTADORES 2023,"Aug 25, 2023",202,11,47.93,69,20,1811,22120,7.35,0:01:36
E5bC0roVODY,ESTRÉIA do DI MARIA no BENFICA foi a ESTRÉIA dos SONHOS !,"Jul 17, 2023",92,10,51.13,56,1,1811,27527,4.07,0:00:47
P6-EkAesMCo,COMO bater PENALTI IGUAL o GABIGOL!,"Sep 7, 2023",137,9,67.42,99,6,1761,19441,7.46,0:01:32
immdyLH-9h4,Vitória é a sensação da SÉRIE B 2023,"Jul 29, 2023",157,24,47.92,105,4,1729,17283,8.59,0:01:15
tmDo3uM36YU,PAMLEIRAS 4 X 3 BOTAFOGO: O MELHOR JOGO DO BRASILEIRÃO 2023,"Nov 3, 2023",353,13,40.11,141,10,1720,16481,5.93,0:02:21
Z4Xn3YlKun4,Como GERMÁN CANO nasceu pro futebol?,"Nov 8, 2023",429,3,32.97,132,3,1652,18653,4.45,0:02:21
SipomkmYVFY,VEJA AS REAÇÕES DA TORCIDA DO FLUMINENSE NA SEMIFINAL DO MUNDIAL,"Dec 20, 2023",537,7,28.42,99,14,1651,19748,5.83,0:02:32
BzSqKd-oj04,ASILO? FLUMINENSE fez HISTÓRIA na LIBERTADORES...,"Nov 9, 2023",632,5,35.34,178,9,1646,27988,4.68,0:03:43
OpEvCOgPKf8,O que é a Zona Suárez?,"Nov 11, 2023",427,13,31.72,151,8,1637,17968,4.93,0:02:15
obk0_-KBcis,Grêmio 1 x 0 Caxias: Suárez decide final do Gauchão!,"Apr 9, 2023",142,10,48.63,43,2,1637,22311,6.34,0:01:09
7jjHy-XCxxU,"VAMOS TRICOLORES! CHEGOU A HORA, VAMOS GANHAR A LIBERTADORES!","Nov 1, 2023",525,11,15.66,93,2,1636,17409,2.44,0:01:22
YwI_Xr4tikU,PÊNALTI POLÊMICO PALMEIRAS x FORTALEZA marcado pelo VAR no BRASILEIRÃO 2023,"Jul 22, 2023",130,4,60.51,40,16,1613,17042,7.24,0:01:18
C9W6pO76o2w,"Para o BRASIL GANHAR, o DINIZ tem que FAZER ISSO!","Nov 15, 2023",322,7,24.73,97,2,1565,13244,3.05,0:01:19
md4zP8jz2KA,"TODOS os ERROS de PAULO CÉSAR ZANOVELLI, árbitro de Fluminense x Corinthians no Brasileirão","Oct 20, 2023",226,-1,54.34,91,17,1565,21785,4.87,0:02:02
rT-uYUPa_wA,CAMPANHA do BOTAFOGO no PRIMEIRO TURNO é a MELHOR da HISTÓRIA do BRASILEIRÃO,"Aug 1, 2023",222,11,51.43,121,2,1512,15369,8.26,0:01:54
X0swN1g0bRc,O BRASILEIRÃO VAI ACABAR ASSIM...,"Nov 17, 2023",496,7,41.75,135,5,1438,18240,3.53,0:03:27
DPDa7tlA0no,ROMÁRIO O CARA,"Dec 2, 2023",271,11,38.76,121,8,1404,17044,2.3,0:01:45
N48AH2cv6h8,Por que a SELEÇÃO BRASILEIRA empatou com a Venezuela em casa?,"Oct 14, 2023",302,9,35.16,135,6,1402,14164,4.73,0:01:46
Ur3DkseL9g4,TRANSFERÊNCIAS JOGADORES QUE FORAM PARA O INTER MIAMI 🚨🤯,"Jul 11, 2023",314,13,46.57,56,3,1379,14351,7.8,0:02:26
 -FhGErCqj7E,Fora Luxa? Vanderlei Luxemburgo tava ATORDOADO na coletiva depois de Corinthians x Estudiantes,"Aug 30, 2023",151,2,44.76,52,74,1360,13974,8.34,0:01:07
mBKI34qsezA,LIONEL MESSI AVASSALADOR no INTER MIAMI!,"Aug 3, 2023",127,13,62.76,59,4,1333,15694,7.32,0:01:19
MQiOKdCP3Nk,FLAMENGO 2x0 FORTALEZA - o que VOCE NÃO VIU - GABIGOL e ARRASCAETA - CAMPEONATO BRASILEIRO 2023,"Jul 2, 2023",98,8,62.76,51,3,1280,12915,7.58,0:01:01
BiwJr9tkwAc,Coincidências de 1995 e 2023 na Copa do Brasil e Brasileirão,"Aug 8, 2023",150,0,63.71,64,57,1266,13894,6.49,0:01:35
rk6ObBBPPfk,Qual a nota pra ESTREIA do LUCAS MOURA no SÃO PAULO?,"Aug 7, 2023",223,5,46.97,64,6,1247,16773,6.61,0:01:44
uGNhj9QhjxM,CAMPANHA do VITÓRIA no ACESSO a SÉRIE A do BRASILEIRÃO,"Oct 23, 2023",247,8,50.97,101,3,1239,22076,4.44,0:02:05
iiMJI0dhvtI,WENDEL ou ANÍBAL MORENO: Quem deveria ser o camisa 5 do Palmeiras?,"Jul 22, 2023",284,10,37.59,36,0,1233,15455,6.91,0:01:46
IqTUMnUJJ1k,A VOLTA POR CIMA de JOHN KENNEDY no Fluminense,"Nov 7, 2023",338,8,35.47,133,5,1226,14252,4.67,0:01:59
CzroWRnuFDQ,O Santos NUNCA esteve tão PERTO de ser REBAIXADO,"Sep 17, 2023",222,5,43.66,76,2,1205,22938,4.58,0:01:36
p4Jo5xzeBhk,Por que Vini Jr é maior que Ronaldo Fenômeno no Real Madrid?,"May 7, 2023",165,4,43.89,51,0,1202,23526,4.07,0:01:12
PMwEcaIHYZ4,A ESCALAÇÃO da SELEÇÃO BRASILEIRA é PROMISSORA com o FERNANDO DINIZ?,"Oct 19, 2023",290,6,41.39,76,0,1183,24420,4.06,0:02:00
Ur49a3_RTvQ,"Como joga MATÍAS ROJAS, reforço do CORINTHAINS?","Jul 15, 2023",251,12,43.84,60,3,1163,10791,6.46,0:01:50
_6jjrZkEF4A,Bruno Lage MERECEU ser DEMITIDO do Botafogo,"Oct 4, 2023",184,2,45.55,86,3,1148,17151,5.39,0:01:23
ftYSibeDjHE,Os CULPADOS da ELIMINAÇÃO do Palmeiras para Boca Juniors na Libertadores,"Oct 7, 2023",381,8,49.14,111,9,1114,16351,5.58,0:03:07
EzaVXA6Pf9Q,SÃO PAULO CAMPEÃO: Os personagens do título da Copa do Brasil,"Sep 25, 2023",274,7,45.73,109,5,1112,13415,6.93,0:02:05
NMXAI8YPjqw,SANTOS 2x2 BOTAFOGO - o que VOCÊ NÃO VIU nos GOLS - CAMPEONATO BRASILEIRO 2023,"Jul 24, 2023",225,11,52.69,58,12,1107,10618,9.33,0:01:58
qhcW2lKICEY,Por isso Guardiola não assume a Seleção Brasileira - Real Madrid x Manchester City,"May 10, 2023",187,5,35.26,27,1,1104,18452,5.55,0:01:05
4g5Zl6jQF9Y,MAIORES GOLEADAS da HISTÓRIA do BRASILEIRÃO pelos 12 GRANDES,"Oct 24, 2023",371,2,43.66,75,5,1086,21332,3.9,0:02:41
TPk4tHITT2A,"Como joga LAMINE YAMAL, revelação do BARCELONA?","Sep 10, 2023",213,11,60.56,88,3,1022,13628,6.02,0:02:08
QVmPlm3tLWk,O BRASILEIRÃO não está entre PALMEIRAS e FLAMENGO,"Nov 28, 2023",312,0,38.74,82,5,1003,11610,6.44,0:02:00
yYXNPZiHQh0,Como SÃO PAULO ganhou do FLAMENGO na FINAL da Copa do Brasil?,"Sep 18, 2023",322,18,49.09,130,5,964,13635,5.71,0:02:38
JXBxM5fQaL0,Achou que o Corinthians fosse cair?,"Oct 10, 2023",299,8,43.56,85,0,957,24721,2.88,0:02:09
XmtEbJ5venw,ENDRICK se inspirou no MICHAEL JORDAN...,"Nov 19, 2023",352,0,39.06,90,1,946,17266,3.56,0:02:17
EACES3VX5GU,GOLS ANULADOS FLA-FLU: Arbitragem Polêmica e Vergonhosa,"Jul 17, 2023",277,1,38.78,34,2,945,9784,5.83,0:01:47
N8Y4WjWVnDg,Veja o que Endrick falou na entrevista coletiva do Bola de Prata - Brasileirão 2023,"Dec 8, 2023",625,4,17.29,39,5,931,13455,5.59,0:01:48
c0hzjO-7dEM,ANÁLISE da GOLEADA HISTÓRICA do Palmeiras x São Paulo,"Oct 27, 2023",479,6,32.25,73,4,929,19201,3.56,0:02:34
Cbz3oD9C70U,COPA DO BRASIL 2023 - CORINTHIANS x SÃO PAULO,"Jul 27, 2023",200,19,49.61,64,2,904,12712,6.25,0:01:39
0_Xi_u3n6Fg,NOVO TÉCNICO DO CRUZEIRO VAI...,"Nov 14, 2023",395,1,39.25,79,1,900,13030,5.1,0:02:35
R5a9G1BFS7M,CAMPANHA do CRICIÚMA no ACESSO a SÉRIE A do BRASILEIRÃO,"Oct 24, 2023",222,3,37.03,50,3,883,13757,5.03,0:01:22
7zOtP2qEWwI,"Renato Gaúcho, do Grêmio, faz o melhor trabalho do Brasil em 2023!","Aug 30, 2023",312,3,27.79,43,3,879,14182,5.56,0:01:26
lYxkX-D_v-8,Abel Ferreira tá fechado com Guardiola pelo Brasileirão,"Nov 15, 2023",514,8,35.17,54,1,858,23477,2.96,0:03:00
ZAWUi-5-CeY,TRANSFERÊNCIAS JOGADORES PREMIER LEAGUE 🚨🤯,"Jun 28, 2023",522,23,38.87,44,3,858,10782,6.27,0:03:22
ao2ZPOkfU-0,"Você MERECE esse BRASILEIRÃO, ENDRICK!","Nov 14, 2023",408,2,30.81,80,3,856,16381,3.27,0:02:05
zyLCHqcWKjA,FLUMINENSE ⏳ LIBERTADORES: Fábio é goleiro de defesas difíceis,"Aug 2, 2023",165,3,49.66,35,4,854,9574,7.81,0:01:21
gGwxq1o1vkU,Os 3 DESAFIOS de TITE no FLAMENGO,"Oct 11, 2023",288,5,45.39,87,6,848,24853,2.9,0:02:10
GMwc1t0hX7Q,Foi LINDO ver a TORCIDA do FLU na FINAL do MUNDIAL,"Dec 24, 2023",641,2,16.51,46,9,842,25515,2.47,0:01:45
z8bgzOdEVHU,Polêmicas de Milan e Inter de Milão na Champions League,"Apr 20, 2023",167,7,46.04,36,4,829,18265,3.72,0:01:16
4Hzkgc_wFzE,"ACEITA A SÉRIE B, SANTOS!","Dec 13, 2023",722,1,39.19,112,3,810,10548,5.91,0:04:42
x7HDc_j9rWI,POLÊMICAS de ARBITRAGEM no FUTEBOL BRASILEIRO tem SOLUÇÃO?,"Aug 28, 2023",189,1,42.15,34,6,807,11678,6.1,0:01:19
qisbK8ODE_E,O VASCO vai CAIR para SÉRIE B do BRASILEIRÃO?,"Sep 27, 2023",206,8,54.98,103,4,805,11968,5.26,0:01:53
T9jDNUQOXRI,"NÚMEROS IGUAIS: Por que YURI ALBERTO, do Corinthians, é mais criticado do que CALLERI, do São Paulo?","Sep 9, 2023",253,8,31.75,36,0,783,12248,4.96,0:01:20
VMBT3ztHKCQ,Quanto TEMPO o NEYMAR já perdeu por LESÃO na carreira?,"Oct 21, 2023",168,-1,45.81,52,1,782,15166,4.19,0:01:16
dZ5YhUzUeDM,MOTIVOS para acreditar que o SANTOS NÃO VAI SER REBAIXADO,"Oct 10, 2023",186,8,49.13,94,3,777,21572,2.32,0:01:31
hxwzZmOR5Vo,PELÉ FAZENDO FILA COM A  SELEÇÃO BRASILEIRA,"Dec 16, 2023",277,1,51.79,141,3,772,17012,3.53,0:02:23
vB121OALP90,Ituano 0 x 1 São Paulo: Dorival Júnior deu outra cara para o Tricolor,"Apr 26, 2023",105,5,41.21,18,0,772,15942,4.49,0:00:43
x3QkiEGNGb4,Análise Sampaoli: Flamengo fez a escolha certa?,"Apr 15, 2023",354,3,20.53,13,1,771,8847,8.25,0:01:12
x8kB6zhixPk,"5 DESAFIOS de ROGÉRIO CENI, técnico do BAHIA","Sep 12, 2023",212,4,40.91,74,0,757,11797,5.09,0:01:26
mTT7Yn7xYLY,CAMPANHA DO JUVENTUDE NO ACESSO A SÉRIE A DO BRASILEIRÃO,"Nov 23, 2023",273,0,40.17,55,5,745,16351,3.37,0:01:49
o-LqcGW2OsI,BOTAFOGO x GUARANI - SULAMERICANA 2023,"Aug 3, 2023",157,12,57.6,73,5,743,12081,5.07,0:01:30
zgvJ8rPErmY,Flamengo 2x0 Fluminense - Copa do Brasil - Gols de Arrascaeta e Gabigol,"Jun 2, 2023",120,4,54.89,23,2,741,11988,5.07,0:01:05
9vCWIG--AH8,VEJA o que RAPHAEL VEIGA falou sobre o REBAIXAMENTO do SANTOS no Brasileirão,"Dec 10, 2023",282,3,40.21,36,1,737,14320,4.27,0:01:53
OaXi1dDjClw,EMOÇÕES DA ÚLTIMA RODADA DO BRASILEIRÃO 2023,"Dec 8, 2023",201,2,61.41,112,2,705,8575,6.05,0:02:03
v-k2X3Z8I1s,Abel Ferreira não gosta da base do Palmeiras?,"Jun 28, 2023",423,3,20.88,14,1,701,11935,4.06,0:01:28
eLlHWe6wNSo,ESSE é o PÊNALTI que vai ACABAR com o FUTEBOL BRASILEIRO,"Aug 17, 2023",171,1,48.13,30,6,691,8023,7.34,0:01:22
P1UW9j8AwuA,Veja o que mais IRRITA ABEL FERREIRA na IMPRENSA brasileira,"Dec 9, 2023",681,2,22.43,24,4,670,10668,5.02,0:02:32
ipunpsFqlvo,Revelando os craques mais famosos da Série B,"Nov 18, 2023",546,2,34.6,66,0,665,19587,2.69,0:03:08
K9SrwR1FZnU,O ARRASCAETA pode dar o TÍTULO BRASILEIRO pro FLAMENGO!,"Nov 26, 2023",227,-1,41.45,77,1,664,15289,3.24,0:01:34
aSK8petxDmY,A VOLTA POR CIMA do ATLÉTICO-MG no BRASILEIRÃO,"Nov 28, 2023",343,3,44.38,86,3,661,12343,3.56,0:02:31
 -MqQ8pZUB_Y,ÁNGEL ROMERO tem mais UMA MISSÃO pelo CORINTHIANS,"Nov 30, 2023",274,1,39.45,53,0,661,10192,4.62,0:01:47
eqY6o5AqUOE,O que o PALMEIRAS precisa para ser CAMPEÃO BRASILEIRO?,"Nov 25, 2023",233,5,43.29,52,4,658,9985,4.62,0:01:40
pdl7RpkfV1k,TUDO sobre as SEMIFINAIS da LIBERTADORES  2023,"Sep 2, 2023",211,6,47.85,40,2,657,10334,5.42,0:01:40
SgQ3ONtGBM4,Gabriel Jesus é o camisa 9 ideal para Seleção Brasileira?,"Sep 6, 2023",203,3,43.48,59,2,655,11757,4.69,0:01:28
XEnCBKGE_XU,EXCLUSIVO: BASTIDORES do BOLA DE PRATA ESPN,"Dec 11, 2023",962,5,18.05,50,2,654,17196,1.92,0:02:53
40LXFT3TgY8,A virada de chave começou aqui,"Oct 18, 2023",380,7,38.06,51,1,654,13607,4.11,0:02:24
E3m_BjuSWoQ,E falaram que o CRISTIANO RONALDO tava APOSENTADO!,"Oct 18, 2023",220,2,45.49,85,4,638,14150,3.22,0:01:40
y8mzd0gkc0s,"ALÉM DO FLUMINENSE, ESSES TIMES MERECIAM GANHAR O MUNDIAL...","Dec 23, 2023",379,-1,40.32,67,1,630,26178,2,0:02:32
uZaTNza7EHU,Por que nenhum jogador do  Botafogo foi convocado pelo Fernando Diniz para a Seleção Brasileira?,"Aug 18, 2023",217,3,43.96,37,1,625,11577,4.53,0:01:35
7vX5vE15rpQ,"Como joga JUDE BELLINGHAM, estrela do REAL MADRID?","Jun 14, 2023",269,8,54.81,48,6,622,8038,6.48,0:02:27
pNdkIDpxWxY,O que aconteceu com o Botafogo?,"Sep 24, 2023",325,0,37.53,57,1,616,12100,4.08,0:02:01
eFAcYt1eMkM,"Bellingham, o iluminado...","Sep 14, 2023",228,3,45.31,52,3,607,14388,3.36,0:01:43
JVVtQRer8DQ,O DIA QUE RONALDINHO GAÚCHO FOI APLAUDIDO DE PÉ NO BERNABÉU,"Dec 25, 2023",282,0,49.8,103,4,606,19794,2.4,0:02:20
yd7_6-C0HUM,O DEYVERSON pode tirar o TÍTULO BRASILEIRO do FLAMENGO,"Nov 29, 2023",200,0,39.92,54,1,604,11306,3.31,0:01:19
tt_mrCDxIes,Cerro Porteño descobriu como vencer o Palmeiras - Análise,"Apr 21, 2023",309,0,26.94,8,0,604,5196,10.84,0:01:23
RvDtmvMqt3Y,Joelinton vai estar na PRÓXIMA COPA - Análise,"Jun 20, 2023",400,2,20.65,15,4,603,12746,3.86,0:01:22
k2uhkXNe170,FIM da GERAÇÃO de quase OURO da CROÁCIA! - Espanha campeã da Nations League,"Jun 19, 2023",206,3,26.7,23,0,594,12086,4.23,0:00:55
y1dN4RyYxyo,"ADVERSÁRIO do FLUMINENSE no MUNDIAL DE CLUBES? Prazer, AL ITTIHAD!","Sep 6, 2023",265,11,39.07,43,2,584,9159,4.25,0:01:43
GqXZevbILJs,É o ARSENAL BRASILEIRO?,"Sep 13, 2023",230,7,54.41,67,0,574,10388,4.58,0:02:04
QnLV099YT9M,Weverton rebate John Textor e relembra pênalti defendido contra Botafogo no Brasileirão,"Dec 8, 2023",794,2,18.38,23,2,571,15693,3.12,0:02:25
fCbSU6UV630,Mão de Yuri Alberto? Pênalti no Fabio Santos? Arbitragem polêmica em Corinthians x Grêmio,"Sep 19, 2023",185,13,54.65,64,4,568,8855,4.17,0:01:41
2hDURNV_7ts,💸 TOP 10 MAIORES VENDAS da história do futebol BRASILEIRO,"Jul 10, 2023",316,9,39.77,29,2,567,15180,2.72,0:02:05
cPWVam58tlk,DI MARIA: LENDA da Seleção da ARGENTINA,"Sep 13, 2023",223,15,47.58,83,0,566,9813,3.65,0:01:46
JT0ErbAj1JA,Sport Recife: Diego Souza e Vagner Love não podem jogar juntos,"Jul 19, 2023",256,0,29.34,23,2,561,7281,6.21,0:01:15
pX8xRBgqhN4,CAMPANHA do FORTALEZA na SUL AMERICANA 2023,"Oct 25, 2023",421,5,27.77,50,1,555,13991,2.7,0:01:56
hLNcm1peaxk,"Flamengo x São Paulo hoje, quem chega PIOR na FINAL da COPA DO BRASIL?","Sep 15, 2023",283,5,42.25,44,1,553,12261,3.79,0:01:59
M17y7zNA1GQ,Qual o time ideal do Palmeiras pra jogar a Libertadores?,"Sep 23, 2023",319,2,36.74,46,3,551,12471,3.58,0:01:57
wPDPgWXSNCY,SÉRIE B já é REALIDADE para o VASCO DA GAMA?,"Jul 29, 2023",231,6,39.96,30,1,549,8192,5.63,0:01:31
po6o3ktkobo,O ABACATE MECÂNICO DE ABEL FERREIRA,"Dec 17, 2023",935,0,29.8,76,5,549,9207,4.43,0:04:38
HG1tD3RF5_I,NEYMAR merece ser CONVOCADO para SELEÇÃO BRASILEIRA?,"Aug 16, 2023",187,0,32.86,20,0,548,16311,2.59,0:01:01
lXi4j7iAHKw,FLAMENGO entrou de vez na BRIGA pelo BRASILEIRÃO,"Nov 10, 2023",353,0,46.97,65,2,547,11442,3.5,0:02:45
xoZb-4r0Tx4,CAMPANHA do BRAGANTINO no BRASILEIRÃO 2023 é HISTÓRICA!,"Sep 30, 2023",197,2,44.55,54,2,532,12058,2.83,0:01:27
CGZuAlfWkYc,Como o HARRY KANE joga no BAYERN de MUNIQUE?,"Jul 16, 2023",257,6,38.05,34,1,528,7783,4.99,0:01:37
wqrC1Qkc8rY,A um passo da Série A do Brasileirão...,"Oct 12, 2023",385,3,44.14,64,0,526,10720,3.64,0:02:49
PKZWoOt2hfw,Fernando Diniz e a Nova Era da Seleção Brasileira,"Sep 8, 2023",451,10,42.67,62,2,524,10451,3.59,0:03:12
Lcf055EebOI,Palmeiras campeão: o dono do futebol Paulista,"Apr 10, 2023",202,12,46.92,31,0,518,13433,3.36,0:01:34
05Th7XTW3Yg,ESSA é para os BRASILEIROS que TORCEM para ARGENTINA...,"Nov 22, 2023",347,2,38.76,52,1,517,10796,2.63,0:02:14
YTaspedkYkM,Rochet e Valência salvaram o Inter da eliminação contra o River Plate na Libertadores,"Aug 2, 2023",186,0,36.66,17,2,515,7367,5.62,0:01:08
7W8csrnVcwU,BRAGANTINO é o MANCHESTER CITY do BRASILEIRÃO?,"Nov 8, 2023",417,2,41.82,66,2,514,18026,2.27,0:02:54
5vYQwrYfBJE,Como James Rodriguez vai jogar no São Paulo de Dorival? - Análise,"Jul 27, 2023",161,2,35.91,27,0,512,7734,5.17,0:00:57
t8JoFzVGtjk,TIQUINHO SOARES merece ser convocado para SELEÇÃO BRASILEIRA,"Jun 25, 2023",260,2,38.07,36,4,512,6766,6.15,0:01:38
LXdSVnd33z0,Pep Guardiola AVISOU: Botafogo é CAMPEÃO do Brasileirão 2023,"May 29, 2023",250,4,47.54,26,2,510,5047,8.22,0:01:58
rWSXGVGGa-8,Renato Gaúcho PREPOTENTE e o baile de Abel Ferreira - Palmeiras 4 x 1 Grêmio,"May 11, 2023",288,1,30.11,6,3,508,5790,8.29,0:01:26
8pihcl3WYjA,REFORMULAÇÃO no FLAMENGO?,"Jun 24, 2023",390,2,20.99,13,0,502,5387,6.46,0:01:21
qwlrrpbPyr4,MBAPPÉ quer SAIR do PSG?,"Jun 12, 2023",177,3,43.2,18,4,501,8747,4.77,0:01:16
KGvs469rDDg,Deyverson: o jogador mais decisivo pro seu time no Brasileirão,"Aug 1, 2023",205,1,30.94,20,0,495,10521,4.04,0:01:03
rl72EKqYrgc,Corinthians 2 x 0 Atlético-MG: Luxemburgo DERRUBOU o MAIOR MITO do futebol na Copa do Brasil,"Jun 1, 2023",330,2,31.2,15,1,494,10422,4.18,0:01:42
xwLjee8EhKk,SÃO PAULO 5x0 TOLIMA - Copa SUL AMERICANA - análise de GOLS,"Jun 9, 2023",239,3,41.89,13,2,490,8843,4.94,0:01:40
ltcJVzJc1rU,BARCELONA anuncia VITOR ROQUE!,"Jun 18, 2023",183,7,56.66,27,3,485,7081,4.79,0:01:43
 -Yo16QwGyaw,Vasco SAF: Retrospecto da 777 em seus outros 5 clubes,"Jul 20, 2023",147,0,43.11,18,2,485,8756,4.87,0:01:03
DUuC5GudNY0,SUL AMERICANA HOJE: Corinthians ou São Paulo tem MAIS CHANCE de passar das QUARTAS?,"Aug 26, 2023",331,3,35.56,29,1,485,11221,3.75,0:01:57
nhVkf-Ab3XY,RACISMO contra Vini Jr no Real Madrid coloca Endrick em ALERTA?,"May 22, 2023",330,3,23.77,14,3,483,5551,7.62,0:01:18
FITY3_V9ZY4,"SÃO PAULO, O CAMPEÃO DE TUDO - Retrospectiva Copa do Brasil","Dec 25, 2023",2068,2,15.06,61,1,477,13962,2.49,0:05:11
bRdRzIAibqw,Veja o quanto HULK é SUBESTIMADO,"Dec 6, 2023",478,6,30.32,61,4,476,14716,2.52,0:02:24
afZSRRVZzFU,Brusque chegou perto do título da Série C...,"Oct 17, 2023",272,0,38.1,40,1,475,13336,2.83,0:01:43
nYGKh9DGKOI,Análise: PH Ganso acabou com o The Strongest,"Apr 19, 2023",416,3,32.91,22,1,474,5091,8.54,0:02:16
V8Q4PoVNfrw,ACABOU o tempo de LUXEMBURGO no Corinthians,"Jun 8, 2023",280,2,26.94,10,0,464,7891,4.92,0:01:15
l1IBvDtajhs,O segredo da FUSÃO de Bruno Henrique e Gabigol no Flamengo,"Aug 5, 2023",195,1,33.49,23,0,457,8947,3.87,0:01:05
IJzcipow2rw,CRAVAMOS como SEU TIME foi no BRASILEIRÃO 2023,"Dec 22, 2023",2079,0,16.66,57,1,453,10859,3.32,0:05:46
rj9uqr4YDDA,LUÍS FABIANO é MELHOR que HAALAND?,"Nov 29, 2023",252,-3,41.67,54,2,451,15226,2.06,0:01:45
y1tvTTD2c50,TOP GOLS da RODADA BRASILEIRAO #17 - CAMPEONATO BRASILEIRO 2023,"Jul 31, 2023",197,1,36.82,17,2,449,10228,3.77,0:01:12
dBWeSLVIvK4,RÓGER GUEDES saiu do CORINTHIANS: Qual o TAMANHO do ESTRAGO para Luxemburgo?,"Aug 2, 2023",191,0,36.02,25,1,441,9749,3.91,0:01:08
K_8CPGXRUCo,Campanha do Girona na La Liga é pra Aplaudir de Pé,"Oct 4, 2023",326,3,46.17,47,2,438,13683,2.28,0:02:30
q5sYk9kIj_k,Qual a PROBABILIDADE do ATLÉTICO MG classificar para a LIBERTADORES?,"Oct 28, 2023",267,1,37.34,51,0,437,14889,2.05,0:01:39
IkEq9dvf67U,A Seleção PERFEITA do BRASILEIRÃO 2023,"Dec 29, 2023",1593,4,16.7,60,3,433,12853,2.61,0:04:26
RD43z_V2Y-Y,LUIS SUÁREZ vai DEIXAR SAUDADE no GRÊMIO e no CAMPEONATO BRASILEIRO,"Dec 11, 2023",256,3,46.46,52,4,405,10358,2.88,0:01:58
SYzZ5agMUK4,A Virada de Chave do JUVENTUDE no Brasileirão Série B 2023,"Aug 26, 2023",169,1,47.98,27,0,397,6773,4.39,0:01:21
nvlxIR3Va_E,🔴⚪ Demitir MANO MENEZES e contratar EDUARDO COUDET foi um ACERTO do INTERNACIONAL?,"Jul 19, 2023",245,4,30.58,15,0,383,8024,2.74,0:01:14
JtRzwJCeE9Q,Não será fácil para o Fortaleza,"Oct 25, 2023",519,-1,36.81,56,5,375,12058,2.23,0:03:11
CQ9AiOPgDqs,Classificação do CAMPEONATO INGLÊS: O que esperar da Temporada 2023/24,"Aug 12, 2023",587,4,36.28,40,0,374,7853,3.57,0:03:32
uf_1Iewv-XQ,"Estilo de jogo de Ramon Diaz, o SALVADOR do Vasco e da 777","Jul 12, 2023",332,1,38.6,18,2,369,5990,5.03,0:02:08
yOkAxdF6vbo,Qual a nota para ESTREIA do NEYMAR no AL-HILAL?,"Sep 15, 2023",234,6,49.44,54,0,367,8657,3.14,0:01:55
XEQPOZ5JfuQ,O PRIMEIRO GOL DE MESSI POR CADA EQUIPE,"Jul 20, 2023",248,3,45,23,0,363,6969,3.63,0:01:51
C_bv1_9OAlI,Reforços do Botafogo e a Liderança de Tiquinho Soares no 2 Turno do Brasileirão,"Aug 8, 2023",198,3,47.41,17,0,361,7677,3.71,0:01:33
Q_zGcRYovm8,Os favoritos de cada país na Champions League,"Sep 20, 2023",368,-1,40.61,43,0,361,8874,3.12,0:02:29
_9pFeK6vjCs,Como era o mundo na última vez que o Napoli foi Campeão Italiano,"May 5, 2023",151,2,40.8,9,0,359,5591,5.74,0:01:01
LAJl8r_-YLs,Seleção Brasileira Sub-20: Esses são os PRÓXIMOS CRAQUES da Copa do Mundo,"May 24, 2023",392,1,21.05,5,0,359,9265,3.46,0:01:22
pJgodJx-a5g,ESTRATÉGIA de ABEL FERREIRA para tentar parar TIQUINHO SOARES em Palmeiras e Botafogo,"Jun 26, 2023",200,6,40.02,23,2,359,5980,4.28,0:01:20
SQStmdEEMRs,Relembre a CAMPANHA HISTÓRICA do FLUMINENESE na LIBERTADORES,"Dec 18, 2023",2095,0,14.96,46,1,356,9531,2.81,0:05:13
Vi9lFZD42-g,"Tabu da Inter de Milão | SEM BRASILEIROS, sem Champions League","May 17, 2023",248,1,38.87,12,0,356,8114,3.77,0:01:36
aUQCa1Al768,Lucas Paquetá no Manchester City? Guardiola quer a contratação do Brasileiro,"Aug 10, 2023",230,1,40.19,25,0,356,8529,3.17,0:01:32
kl0MKYF22LA,Corinthians: Yuri Alberto vai continuar na reserva?,"May 9, 2023",165,1,19.47,3,0,351,6000,5.67,0:00:32
sNe-UYAmqm0,O caminho da Seleção Brasileira até a 1ª ⭐️ na Copa do Mundo Feminina,"Jul 24, 2023",281,1,30.73,19,2,350,7082,4.38,0:01:26
DwPxGHK8piU,Botafogo 1(2) x (4)0 Athlético PR - Copa do Brasil - Gols,"Jun 1, 2023",145,0,47.31,9,0,348,5871,4.68,0:01:08
JX1sQyKf-dY,SÃO PAULO x FLAMENGO: quem tem VANTAGEM na FINAL da COPA DO BRASIL?,"Aug 30, 2023",282,3,36.22,26,6,346,6941,4.24,0:01:42
pJZgWdOvfV8,Paulinho TÁ ON no Atletico MG! Acabou a Hulk dependência.,"Sep 28, 2023",200,1,43.27,34,1,342,7587,2.93,0:01:26
swUeSjaIEUA,"Bernardo Silva - Sem ser veloz, é o mais driblador!","Apr 12, 2023",310,5,34.02,16,1,341,4380,6.94,0:01:45
t2xKyTxNpHk,É ÓBVIO que Carlo Ancelotti vai falar NÃO para SELEÇÃO BRASILEIRA,"Jun 13, 2023",236,1,37.02,18,0,335,3800,7.47,0:01:27
ytYuFM7WMAc,Como o Botafogo de Bruno Lage vai jogar?,"Jul 8, 2023",208,3,38.92,22,0,334,6622,3.37,0:01:20
rwJgTTJRlNU,GOLS da RODADA #18 - CAMPEONATO BRASILEIRO 2023 - TOP 3,"Aug 7, 2023",168,1,53.33,17,0,334,6500,3.98,0:01:29
1W4AYBdEhWs,Surpreendendo os amantes de Premier League...,"Oct 13, 2023",374,0,37.65,36,0,330,10611,2.05,0:02:20
hNkUxsywMK4,São Paulo 2 x 0 Internacional: A grande mudança tática de Dorival Júnior,"May 8, 2023",137,0,50.83,8,0,329,5160,5.89,0:01:09
U16ZHL1kpgQ,A CHAPECOENSE precisa de QUANTOS PONTOS para NÃO CAIR para a SÉRIE C?,"Sep 19, 2023",259,4,37.79,28,1,328,7068,3.08,0:01:37
s_0a8k2i8ow,VASCO x FLAMENGO - CAMPEONATO BRASILEIRO - GOLEADA do FLAMENGO,"Jun 6, 2023",256,5,51.95,23,0,328,5194,4.2,0:02:12
CkeDg8XbBhs,"Libertadores 🏆 Qual a diferença entre Palmeiras, Atlético-MG e Internacional?","May 4, 2023",131,-1,38.15,3,0,321,3795,8.06,0:00:49
a4aWkCMU5sI,Cerro Porteño 0x3 Palmeiras - Libertadores 2023 - Gols e Pós Jogo,"May 25, 2023",242,2,35.63,6,2,320,6526,4.14,0:01:26
Jz16SX-e3o4,NEYMAR deveria aceitar a proposta do AL HILAL e SAIR do PSG?,"Jun 13, 2023",237,2,33.14,10,0,318,6244,3.97,0:01:18
Mz5taF0Wd7A,Essa é a fórmula para vencer o Brasileirão,"May 12, 2023",158,5,40.5,11,0,317,7113,4.01,0:01:03
h5pJIo3Gjaw,Richarlison não consegue substituir Harry Kane no Tottenham,"Aug 28, 2023",189,1,49.29,38,0,315,7305,3.53,0:01:33
IaorR9TaRhw,"Como joga LUIS GUILHERME, revelação do PALMEIRAS?","Jun 5, 2023",239,2,36.52,12,0,315,5068,5.35,0:01:27
RzE6cKK8Xok,Pênalti NÃO MARCADO pro Atlético contra o Palmeiras na Libertadores? Foi Mão do Gabriel Menino?,"Aug 10, 2023",215,-1,38.07,17,2,314,6071,3.64,0:01:21
3-YWvbY7v1g,Contra todas as probabilidades...,"Sep 19, 2023",362,2,40.24,29,0,307,6583,2.32,0:02:25
4dEdH_0GMhU,Onde Flamengo e Fluminense vão mandar seus jogos FORA DO MARACANÃ?,"Aug 24, 2023",232,0,38.44,22,0,303,7102,3.56,0:01:29
uFcaQNbwmIk,Sampaoli demitido do Flamengo? Pedro no Zenit?,"Aug 23, 2023",224,0,30.13,16,0,299,6029,4.21,0:01:07
7UMpIdRepWs,Por que o Neymar foi para o Al Hilal? O real MOTIVO da transferência do Ney,"Aug 14, 2023",362,0,39.41,22,0,295,6826,3.08,0:02:22
JTAoz4N92e0,"Luis Suarez, o MAESTRO do Grêmio","Jun 13, 2023",353,1,36.02,11,1,292,5296,4.63,0:02:07
r5dHe0PopTY,São Paulo 1 x 3 Sport Recife: Leão atropela Tricolor que é salvo por Rafael na Copa do Brasil,"Jun 2, 2023",155,1,27.56,3,0,291,6043,4.37,0:00:42
UjWzUssgyBQ,Sul-americana: Neymar de volta e técnico demitido,"Apr 21, 2023",105,0,29.36,2,0,291,6284,4.38,0:00:30
uFgFPLqEY6U,Atlético x América - Os protagonistas da final do Campeonato Mineiro,"Mar 31, 2023",523,4,20.56,7,0,288,5942,4.61,0:01:47
EW-CHLVj10Q,VEJA o que ADRYELSON falou sobre QUEDA DE RENDIMENTO e FALTA DE HUMILDADE do BOTAFOGO no BRASILEIRÃO,"Dec 10, 2023",262,0,25.66,21,3,287,7246,3.01,0:01:07
wtLJY7hOXAo,"RESUMÃO de REAL MADRID, BARCELONA e ATLÉTICO DE MADRID para a LA LIGA 2023/24","Aug 13, 2023",373,3,33.12,15,0,284,6480,2.78,0:02:17
kI1o3KfQYx4,POR ISSO o RODRI marcou o gol do título da CHAMPIONS LEAGUE - Manchester City x Inter,"Jun 11, 2023",198,0,42.3,9,0,275,4898,4.31,0:01:23
DZ2D-IRTP5Q,ENDRICK precisa receber MAIS CHANCES no PALMEIRAS de ABEL FERREIRA,"Aug 15, 2023",215,16,48.27,38,1,272,4797,3.77,0:01:43
Ozfcr4M0QGs,Botafogo: único 100% no Brasileirão 2023,"May 1, 2023",120,1,39.3,5,0,269,5766,4.41,0:00:47
VQn-Oa4vhQM,Como Harry Kane vai jogar no Bayern de Munique? - Análise,"Aug 19, 2023",257,1,37.48,23,0,262,5930,3.52,0:01:36
Um0iiYaqJdI,TRANSFERÊNCIAS do BRASIL para EUROPA ✈️,"Jul 7, 2023",211,4,39.51,15,0,258,7136,2.54,0:01:23
euhedvAvBjo,QUEM são os MELHORES JOGADORES da LIBERTADORES 2023?,"Jul 30, 2023",424,1,28.93,12,0,256,4956,3.17,0:02:02
SiUSo3BY2Lk,Lesão grave do Dudu. Quem Abel vai escolher pra substituir o ídolo no Palmeiras?,"Aug 29, 2023",399,2,35.78,17,3,254,6894,2.76,0:02:22
uGDysJPEQtY,Fluminense 2x1 Bragantino - Campeonato Brasileiro - Melhores Momentos,"Jun 5, 2023",167,0,44.02,6,0,252,6548,3.21,0:01:13
xATdXCAsmzs,O caminho do Flamengo até o vexame da eliminação da Libertadores,"Aug 12, 2023",497,0,26.36,17,1,250,6526,3.14,0:02:11
pp_1URq7zrE,O caminho do Botafogo com Tiquinho Soares machucado. Fez falta?,"Sep 2, 2023",268,3,30.03,27,2,232,6480,2.47,0:01:20
BkvZQ-xnxdM,Título do Botafogo no Brasileirão pode ser ameaçado pelo Palmeiras?,"Aug 22, 2023",271,2,55.14,23,3,229,4962,3.63,0:02:29
9yXf65UIFzo,Corinthians e Yuri Alberto: Quem é o vilão da história?,"Jul 3, 2023",230,2,32.55,13,1,229,5274,3.26,0:01:14
dnubtrSRDa4,Atlético-MG 1 x 1 Palmeiras: Estratégia que parou o campeão do Brasileirão e Hulk tremendo...,"May 29, 2023",273,0,28.49,5,0,225,2830,7,0:01:17
hnrtEElTdms,Atlético 2 x 0 América: É ruim depender do Hulk?,"Apr 10, 2023",143,0,29.85,4,0,221,5189,4.14,0:00:42
auf9omMCJ7U,"FÁBIO, do Fluminense, é o goleiro mais DECISIVO do BRASILEIRÃO 2023?","Jun 22, 2023",149,3,46.06,11,2,219,4019,4.35,0:01:08
cC_JdTfm7VA,Palmeiras ELIMINOU o Atlético-MG da LIBERTADORES 2023?,"Aug 3, 2023",237,2,33.08,12,0,217,5123,2.69,0:01:18
6RxtGKH1YvI,"São Paulo 4 x 2 Vasco: DORIVAL JÚNIOR faz MAIS do que o ""Arroz e Feijão""","May 21, 2023",169,2,42.52,9,0,209,4478,4.18,0:01:11
BwTN2gW_PAA,MERCADO DA BOLA: o FUTURO do REAL MADRID com a saída de Benzema,"Jun 5, 2023",346,1,35.76,13,0,207,4838,3.29,0:02:03
Wpe9BqaaaK0,O ERRO da SELEÇÃO BRASILEIRA esperar Carlo ANCELOTTI,"Jun 19, 2023",197,2,33.21,10,1,204,4146,4.03,0:01:05
LvRX8SGTDDU,Palmeiras 2 x 1 Corinthians: Veiga imita Valdivia e decide Dérbi,"Apr 30, 2023",109,1,36.13,9,0,203,3949,4.63,0:00:39
VXqULGY6U3I,Milan 1 x 0 Napoli: Calabria anulou Kvaratskhelia nas quartas da Champions!,"Apr 12, 2023",141,1,22.89,8,0,198,3312,4.98,0:00:32
WifTEftMX9I,ESSA SELEÇÃO DO ANO DE 2023 FICOU PERFEITA!,"Jan 1, 2024",1630,1,11.09,24,1,196,3681,4.16,0:03:00
r1KoUY0yl_A,TRANSFERÊNCIAS do FLAMENGO nesse MERCADO DA BOLA 🚨🤯,"Jul 11, 2023",384,1,41.2,12,0,191,3980,3.19,0:02:38
ok7iR1iN_ls,🤯 PROBLEMAS de FERNANDO DINIZ assumir a SELEÇÃO BRASILEIRA,"Jul 4, 2023",257,3,39.45,17,0,178,4053,3.26,0:01:40
BROfmMkNBcw,Análise dos grupos da Libertadores: quem levou a pior?,"Mar 29, 2023",1729,1,4.93,6,0,168,7100,2.14,0:01:25
WeTur_ijHjQ,Manchester City pronto para ganhar a Champions!,"Apr 20, 2023",185,1,35.52,6,0,166,3752,4.16,0:01:05
MTs7zAkRBqA,Brasil x Marrocos 1-2 Péssima primeira impressão!,"Mar 26, 2023",679,1,8.38,12,1,164,3624,4.11,0:00:56
XFkNJkyqpgE,"Bruno Guimarães, o nome do jogo! Newcastle x Manchester United","Apr 3, 2023",148,1,32.23,11,0,160,4733,3.11,0:00:47
LD-SZB8neJI,LUCAS VERÍSSIMO 🤝 CORINTHIANS: Passagem do zagueiro pelo BENFICA foi RUIM?,"Jul 25, 2023",320,1,42.32,9,0,159,4681,2.52,0:02:15
rjJNgSI989w,BOTAFOGO 2x0 VASCO - GOLS - CAMPEONATO BRASILEIRO 2023,"Jul 2, 2023",111,2,68.8,15,1,157,2471,4.65,0:01:16
Oh6_fPEiiOQ,Fortaleza 4 x 2 Fluminense: Aula de futebol no Brasileirão,"Apr 30, 2023",103,1,67.08,12,0,153,2364,5.54,0:01:09
JFTfqgVkL7w,📝🚨 COMO FOI a temporada de WILLIAN pelo FULHAM na PREMIER LEAGUE,"Jul 18, 2023",231,1,41.4,16,0,153,3657,2.57,0:01:35
fXEk8CGd7WM,AGORA o Atlético Mineiro engrena no Brasileirão 2023,"May 14, 2023",210,0,22.19,5,0,151,4356,3.03,0:00:46
QxX5NLi_C2U,Fluminense pode chegar ao título do Brasileirão. Jogadores do Cruzeiro brigam para bater pênalti,"May 12, 2023",227,1,20.63,1,0,148,3433,3.96,0:00:46
7N7gFy3sHUQ,6de6: Palpites valendo dinheiro,"Jun 6, 2023",376,2,25.04,4,2,145,2257,4.83,0:01:34
YlH6hReWKCY,Corinthians na Libertadores: o que falta para engrenar,"May 3, 2023",142,0,24.95,2,0,145,4276,2.97,0:00:35
aHhdaYW4cvw,Os 5 recordes que Haaland ainda pode quebrar pelo Manchester City,"May 4, 2023",94,1,61.41,7,1,144,2914,4.43,0:00:57
rxmu365_U-A,Sul americana tem péssimo confroto de Pelé e Messi e milagres de goleiro brasileiros,"May 5, 2023",187,0,19.33,2,0,140,4720,2.75,0:00:35
xXodJeg7Va8,FlaFlu: Fluminense AMARROU o Flamengo com a melhor defesa do Brasil,"May 17, 2023",184,0,18.85,3,0,139,3475,3.65,0:00:34
fcpMek5FgMY,Mercado da Bola: ONDE vão jogar Messi e Neymar?,"Jun 6, 2023",407,0,31.11,5,0,137,4008,2.92,0:02:06
BNgSGqpoTTY,Vasco 0 x 1 Bahia: Barbieri precisa se preocupar com isso!,"May 2, 2023",113,-1,34.34,1,0,135,2327,5.5,0:00:38
uDVunen2i_s,Corinthians 2 x 0 Fluminense: Luxa descobriu a fórmula para vencer Fernando Diniz,"May 28, 2023",184,0,24.92,3,0,135,4599,2.8,0:00:45
xh64RgFJQjw,Qual o MELHOR BRASILEIRO na primeira fase da LIBERTADORES? - Top 6,"Jun 30, 2023",198,1,31.27,7,0,132,3680,2.39,0:01:01
JWKgFySn0es,O que você não viu da goleada do Fluminense no River Plate na Libertadores,"May 3, 2023",131,1,42.89,7,0,131,3143,3.79,0:00:56
9iPGOJXyqMg,Só Hulk esmaga no Atlético Mineiro!,"Apr 28, 2023",124,0,27.73,4,0,129,2364,4.86,0:00:34
YiHlZLERQUo,💸 🤯TOP 10 jogadores MAIS CAROS do FUTEBOL BRASILEIRO,"Jun 30, 2023",357,1,34.88,7,0,128,4143,1.86,0:02:04
G6dtg30kVH4,Luis Castro é só mais um técnico a abandonar projeto no Brasil,"Jun 29, 2023",236,0,28.63,6,0,127,3152,2.6,0:01:07
Ruv78EYMguI,"Como joga NKUNKU, reforço do CHELSEA?","Jun 21, 2023",247,2,41.17,11,0,123,3006,3.19,0:01:41
Yi1ns5J-jh0,Fim da Era Guardiola no Manchester City?,"Apr 22, 2023",122,0,47.45,6,0,122,2121,4.67,0:00:57
hwqNNn4Drj8,FLUMINENSE CAMPEÃO!!! Marcelo e Cano jogam muito no Fla x Flu.,"Apr 10, 2023",375,4,31.54,9,5,120,2341,3.59,0:01:58
RIdj2MnXxLY,GOLS Mais BONITOS dos TIMES BRASILEIROS na Fase de Grupos da LIBERTADORES 2023,"Jun 30, 2023",340,-1,39.49,8,0,120,2767,3.11,0:02:14
P48kWxbMBcI,🎩 SAKA brocou três gols 🧠 TRENT ALEXANDER-ARNOLD é o DONO da camisa 10 na Seleção da Inglaterra,"Jun 20, 2023",330,2,32.8,5,0,118,2080,4.38,0:01:48
s0tWeVgK_Jw,MBAPPE e outros jogadores que recusaram propostas da ARÁBIA,"Jul 26, 2023",235,1,45.57,7,1,114,4413,1.79,0:01:47
1lKeewgeW5s,Grêmio: Luis Suarez vai se aposentar?,"Jul 10, 2023",189,0,36.43,8,0,114,3452,2.35,0:01:08
u_Mfcz8hqMY,Flamengo x Fluminense - Quem é favorito na final do Carioca?,"Mar 31, 2023",499,1,13.02,2,0,111,2045,5.18,0:01:04
0O5a63tK5ec,América-MG 2 x 0 Corinthians: Timão corre risco de rebaixamento no Brasileirão,"Jun 4, 2023",210,0,19.69,1,0,105,2646,3.17,0:00:41
WGq8AyvD7nI,"Como joga LUIZ ARAÚJO, reforço do FLAMENGO?","May 19, 2023",147,1,51.58,5,1,103,1765,4.42,0:01:15
YdJxojMeUpQ,JOGOS DA COPA DO BRASIL QUARTAS DE FINAL,"Jul 4, 2023",278,1,33.34,5,1,93,2671,2.47,0:01:32
RN-naEV-H7w,Próximo TÉCNICO do Galo: QUEM pode substituir Coudet no ATLÉTICO-MG?,"Jun 12, 2023",304,0,26.92,6,0,90,2676,2.39,0:01:21
vU52dJB8Qgg,RIVER PLATE x FLUMINENSE - Copa LIBERTADORES 2023 - GOLS,"Jun 8, 2023",106,1,57.88,7,2,84,1754,3.82,0:01:01
hAfBWfWdED0,Inter de Milão campeã: Lautaro Martinez é muito SUBESTIMADO!,"May 24, 2023",160,0,40.36,3,0,83,2430,2.88,0:01:04
8lrD53EhPUg,Flamengo 1x1 Cruzeiro - Campeonato Brasileiro 2023 - Gols e Melhores momentos,"May 28, 2023",317,0,36.24,3,0,83,1813,4.03,0:01:54
lVArro11A8w,"Como joga SANDRO TONALI, reforço do NEWCASLTE?","Jul 4, 2023",224,2,50.96,11,0,83,2505,2.55,0:01:54
iVaMtkCcD0A,Tudo sobre primeira rodada do Brasileirão 2023,"Apr 17, 2023",175,0,27.48,1,0,81,2167,3.46,0:00:48
waEd3PPj53E,Libertadores 🏆 Quem é o maior jogador brasileiro da história?,"May 5, 2023",144,2,49.8,6,1,81,2513,2.67,0:01:11
hlelrJYWZSs,Benfica 0 x 2 Inter de Milão: a surpresa das quartas de final da Champions.,"Apr 12, 2023",197,0,16.91,0,0,80,922,5.97,0:00:33
ALWLmlyfNLU,Top-5: ESSES jogadores vão DECIDIR a final da Champions League - Manchester City x Inter,"Jun 9, 2023",312,0,36.05,6,0,79,2446,2.7,0:01:52
Snx5S4qo-l4,Dérbi de Manchester: United e City na final da Copa da Inglaterra,"Apr 23, 2023",87,0,35.46,4,0,76,2583,2.56,0:00:30
ZMNPg-bNFDY,Por que o FLAMENGO voltou PIOR depois de 10 dias TREINANDO?,"Jun 23, 2023",259,2,32.03,7,0,75,2161,2.59,0:01:22
_W4N04q5KII,Libertadores: qual brasileiro pegou o confronto mais acessível?,"Jul 5, 2023",264,0,40.15,4,0,75,2661,1.84,0:01:45
UamNHImaL6g,Napoli x Milan - O ensaio da Champions League,"Mar 31, 2023",940,3,13.92,8,1,72,1683,3.09,0:02:12
rTESW1L0DzM,Manchester City 4 x 0 Real Madrid - Uma aula de Guardiola na Champions League,"May 18, 2023",167,0,23.81,2,0,71,1338,4.63,0:00:39
FzXNdvtBknA,O MOTIVO que fez Messi escolher o Inter Miami nesse Mercado da Bola!,"Jun 8, 2023",291,2,52.58,4,0,70,1872,2.62,0:02:33
sc2Y-YwndHA,Análise: Sampaoli vai recuperar Marinho no Flamengo,"Apr 20, 2023",266,0,21.41,0,0,68,1826,3.56,0:00:56
Rz8VqPWq_lE,Botafogo 1 x 0 Fluminense: Fogão líder é realidade no Brasileirão,"May 21, 2023",134,0,34.11,1,0,63,1543,3.89,0:00:45
fAEeJxaMYMo,Previsão da tabela de classificação do Brasileirão 2023,"Apr 17, 2023",684,1,20.25,3,0,60,1780,2.92,0:02:18
kVyvf6nDHoA,Atlético Mineiro 2 x 1 Athlético: Por que o Galo venceu na Libertadores?,"May 24, 2023",193,0,34.79,6,0,58,1176,4.68,0:01:07
WT6zFrQLurg,Flamengo 1 x 1 Nublense: PIOR Libertadores desde 2019,"May 25, 2023",403,0,20.03,2,0,54,2092,2.15,0:01:20
ADpI_rjxeck,"Rodri, o coração do Manchester City","Apr 12, 2023",325,1,20.57,6,0,49,661,6.05,0:01:06
dA0IOWB10eE,Cruzeiro 0x1 Cuiabá - Pós jogo e Melhores momentos,"May 23, 2023",205,0,38.63,3,0,49,1416,3.18,0:01:19
rhTEsOBpmQ8,Bayern de Munique x Borussia Dortmund - A final antecipada da Bundesliga,"Mar 29, 2023",437,0,24.78,3,2,47,915,2.08,0:01:48
ITiBHxtjJBw,Metropolitanos 1 x 2 Internacional: LÍDER do grupo e INVICTO na Libertadores,"May 26, 2023",337,0,29.79,3,0,42,1214,3.05,0:01:40
_R_q-p6nq6Q,Manchester United 2 x 2 Sevilla: o pacto com a Europa League,"Apr 14, 2023",144,0,24.14,2,0,41,1020,2.84,0:00:34
dZoRLPnEfos,Análise Tática - Marrocos 2 x 1 Brasil,"Mar 26, 2023",435,0,27.07,3,0,41,647,5.41,0:01:57
A_DICl7CeQI,"Lucas Paquetá x Bruno Guimarães, duelo de Brasileiros em West Ham x Newcastle.","Apr 6, 2023",438,0,10.96,0,0,39,1569,2.1,0:00:47
q54jX7Lhyj4,Final Paulistão: Palmeiras mereceu perder para o Água Santa?,"Apr 3, 2023",277,0,7.2,1,0,38,1428,2.38,0:00:19
edEgUVxrTNo,O Manchester City pode ganhar do Liverpool se fizer isso!,"Mar 29, 2023",271,1,32.8,3,2,38,600,3.17,0:01:28
5gPt2TlKpDc,Promessas que vão explodir no Brasileirão!,"Apr 16, 2023",273,0,33.32,2,0,37,921,3.04,0:01:30
K4cGZxwaEvc,Palmeiras x Água Santa - Final do Paulista pode ser decidida no primeiro jogo?,"Apr 1, 2023",524,0,5.86,3,0,37,1582,2.21,0:00:30
PH7esn1MN3A,Cruzeiro: briga pela liderança do Brasileirão,"May 7, 2023",119,0,38.97,1,0,37,1779,1.8,0:00:46
0w-1r49CE_I,Brasil x Marrocos - A Nova Seleção Brasileira,"Mar 25, 2023",611,1,10.96,1,1,33,513,3.7,0:01:06
Mu80pm3Oocc,"Vini Jr e Benzema, a dupla do El Clasico! Barcelona x Real Madrid","Apr 6, 2023",396,0,12.91,1,0,33,818,3.42,0:00:51
 -sbwwZURa_c,"Barella, o dono do meio-campo da Inter","Apr 12, 2023",215,0,28.48,1,0,27,219,9.59,0:01:01
3ZgzMn6zJ2o,Palpites para as quartas de final da Europa League,"Apr 13, 2023",306,0,32.25,0,0,24,737,2.44,0:01:38
mKldEvaWgPk,Copa do Brasil paga tão bem assim?,"Apr 12, 2023",195,0,24.27,2,0,19,963,1.66,0:00:47
LQS2QhumkdM,Brasileirão: times invictos e derrotas dos grandes,"Apr 26, 2023",145,0,26.03,1,0,17,731,1.64,0:00:37
IB9LvGfGUYU,Tudo sobre as quartas de final da Conference League 22/23,"Apr 13, 2023",138,0,35.38,3,0,15,725,2.07,0:00:48
5BGrzUbzvQs,Juventus 1 x 0 Sporting: Bremer vacilou na Europa League,"Apr 14, 2023",175,0,43.26,2,0,15,520,2.12,0:01:15
d4v0U1d4NKI,"Firmino, the last dance! Chelsea x Liverpool","Apr 5, 2023",383,0,18.91,0,0,7,380,1.84,0:01:12
NfAejZntcSs,"CLASSIFICAÇÃO HISTÓRICA DO FLUMINENSE! Na LIBERTADORES quem NÃO FAZ, LEVA!",,267,0,106.33,0,0,4,0,,0:04:43
uykfoMYCz78,VÍDEO AULA - ATALHOS COMUNS + SLOW MOTION,,672,0,9.67,0,0,3,0,,0:01:04
hwN7VEiJ9aA,VIDEO AULA - GREEN SCREEN + OVERLAY (E AJUSTES),,1343,0,16.04,0,0,2,0,,0:03:35
YIr8eGGdiIc,VIDEO AULA - Premiere Key frames e Máscaras,,585,0,86.68,0,0,2,0,,0:08:27
TL0ABYFSk7E,VIDEO AULA - WORKSPACE OTIMIZADA,,548,0,100.07,0,0,1,0,,0:09:08
WWO3NGtcT9I,BT XG 300623,,455,0,31.91,0,0,1,0,,0:02:25
