Conteúdo,Título do vídeo,Horário de publicação do vídeo,Duração,Continuaram assistindo (%),Inscritos,Porcentagem visualizada média (%),"Marcações ""Gostei""",Compartilhamentos,Visualizações,Impressões de miniaturas,Duração média da visualização
Total,,,,73.13,210088,88.82,5425467,60291,72096343,84201760,0:00:41
XrlL5NLSisQ,NEYMAR PERDEU PENALTI no AL HILAL POR ISSO!,"Sep 29, 2023",45,74.46,34265,93.94,333107,2058,5769027,826977,0:00:42
F--sQ5QlHBI,"Inacreditável o que aconteceu com o Tete, do Fulham, contra o Tottenham na Copa da Liga Inglesa","Aug 29, 2023",38,81.04,6994,99.86,417125,846,5372125,298776,0:00:37
Cb8YsyNGhX4,DRIBLE do PAYET LESIONOU o GOLEIRO e que GOLAÇO!,"Aug 23, 2023",45,78.17,11350,93.23,282478,2054,3759384,1663697,0:00:41
ymPt86M5m-g,JAMES RODRIGUEZ GOL!,"Jul 27, 2023",59,76.83,11488,84.16,274761,3509,3469902,1400842,0:00:49
HPZfKhmELmM,SAO PAULO x LDU - JAMES RODRIGUES PERDE PÊNALTI - SULAMERICANA 2023,"Sep 1, 2023",47,70.74,8237,94.03,190058,2754,2646150,1071288,0:00:44
QTgKQYZ5m5I,RICHARLISON ERROU a DECISÃO no lance em BRASIL 4x1 GUINÉ?,"Jun 18, 2023",58,79.06,11862,80.97,136125,753,2482210,1367540,0:00:46
w7jWYRlyU3Y,POR ESSA NINGUÉM ESPERAVA no GOL do BAHIA!,"Oct 7, 2023",53,81.12,5151,94.71,225613,2153,2476209,1875467,0:00:50
1fYbYQRAf-A,Cano torce para o Boca Juniors?,"Oct 31, 2023",32,80.88,4892,97.2,130676,697,2265594,141594,0:00:31
IeT5Mfjwhuw,GOLAÇO de LUIS SUÁREZ no GRENAL,"Jun 21, 2023",58,68.57,6815,88.61,185950,4171,2165316,861022,0:00:51
b3nhnC02qa0,PRIMEIRO GOL do NEYMAR pelo AL HILAL tinha o xG MUITO BAIXO!,"Oct 4, 2023",51,75.45,6355,93.6,191830,614,1996055,277041,0:00:47
hmyIVjhDrwA,PORQUE o KANNEMANN ABRAÇOU o JUIZ contra o SÃO PAULO!?!?,"Oct 22, 2023",60,80.18,4200,80.36,141224,967,1835436,1057579,0:00:48
4dXrPwqP_vE,"Garrafa de Pickford, do Everton, ajudou ele a defender o pênalti","May 1, 2023",17,84.11,3520,134.92,127139,1067,1805157,171003,0:00:22
3V15rRl044s,O RONALDO FENÔMENO era IMPARÁVEL!,"Dec 17, 2023",59,70.27,3133,84.11,97821,2175,1699286,52097,0:00:49
f0U2_K5ZuDY,BRASIL x BOLIVIA - 2º GOL do NEYMAR - ELIMINATORIAS da COPA,"Sep 10, 2023",50,76.47,6194,85.87,134656,695,1541946,290726,0:00:42
4UIdgp_rPlQ,LUCIANO DEBOCHOU na COMEMORAÇÃO do SÃO PAULO x CORITIBA!?,"Sep 28, 2023",51,78.96,3331,87.68,114950,743,1464209,4474338,0:00:44
6ho1KceVIEc,JAMES RODRIGUEZ PERDEU PENALTI ou JOAO RICARDO que PEGOU!?,"Sep 21, 2023",55,80,2635,79.85,71364,311,1226257,618781,0:00:43
oxocW5l35IA,Sao Paulo x Atlético MG - HULK solta a BOMBA e marca um GOLAÇO de FALTA,"Aug 6, 2023",28,70.92,3122,107.67,89934,1431,1215622,1239838,0:00:30
5erCbMQb0So,GOL do MESSI de MUITO LONGE - INTER MIAMI x PHILADELPHIA,"Aug 16, 2023",56,72.52,2598,90.25,73952,753,1131891,4442152,0:00:50
I9GYVsOzD4k,ESSA FOI a VOLTA POR CIMA de JOHN KENNEDY no FLUMINENSE!,"Nov 4, 2023",48,65.47,2618,88.8,78560,1271,1085239,1149712,0:00:42
AEXPR4U-y2M,NÃO EXISTE VAR na FINAL da LIBERTADORES 2023 no TÍTULO do FLUMINENSE!?,"Nov 5, 2023",52,70.54,2235,87.07,74448,634,995073,714448,0:00:45
1nS56gFXWME,FLUMINENSE 2x1 BRAGANTINO - GOL em JOGADA ENSAIADA no brasileirão,"Jun 5, 2023",45,75.35,1103,81.39,35108,213,895588,28492,0:00:36
oJnsNrV7Cds,BOTAFOGO x BRAGANTINO - o PRIMEIRO GOL de DI PLACIDO pelo BOTAFOGO - CAMPEONATO BRASILEIRO 2023,"Jul 16, 2023",59,74.45,3946,80.59,71675,431,851535,321115,0:00:47
AJgFp7MVGMM,o DRIBLE MAIS INSANO de VINICIUS JR!!!,"Jun 20, 2023",60,75.75,3110,98.07,107301,2896,834490,2824203,0:00:58
V8w0kBFd9_w,A OUSADIA do KENO foi DETERMINANTE pro FLUMINENSE no GOL do CANO!,"Nov 4, 2023",56,64.81,2285,81.43,59919,2672,824757,1288044,0:00:45
SUXde_2kdCg,YURI ALBERTO NÃO DESPERDIÇA e GOL do CORINTHIANS no FLUMINENSE,"Oct 20, 2023",54,77.97,1686,90.41,60783,268,738740,1274433,0:00:48
kEO2hhVXZp0,INUSITADO DEMAIS TODO esse LANCE no GOL do SOTELDO,"Oct 1, 2023",60,77.1,1608,80.44,51856,599,646308,1412280,0:00:48
MW_yYcPq6Sw,ROMÁRIO FOI MELHOR QUE RONALDO FENÔMENO?,"Dec 2, 2023",48,64.56,1653,103.35,47306,2138,642533,351081,0:00:49
 -UwPXPJk3LE,"BOLIVIA x BRASIL - RONALDINHO, NEYMAR e GOL!","Sep 6, 2023",51,61.09,1503,87.89,48092,662,622675,1157655,0:00:44
0CukxoQjXco,ESTREIA do MESSI no INTER MIAMI teve GOLAÇO do craque!,"Jul 22, 2023",59,68.57,2971,85.57,68144,250,609440,507415,0:00:50
Qx8aDvZXBsQ,TIQUINHO SOARES - GOL do BOTAFOGO 1x0 PALMEIRAS,"Jun 25, 2023",53,69.01,3492,87.27,45029,594,588775,1930605,0:00:46
05JQAM4H37Q,Recuo de cabeça vale no futebol?,"Apr 20, 2023",16,78.67,455,123.4,20223,198,564109,132253,0:00:19
97qrx1Oz51w,o MAIOR GOLAÇO da CARREIRA de CAVANI,"Jul 13, 2023",49,79.28,1595,94.6,52358,548,507418,2194667,0:00:46
6Jxkvka9nQU,Goleadas mais rápidas na história da Premier League,"Apr 23, 2023",21,81.62,1527,107.18,31994,98,504895,31064,0:00:22
wnfkyE76CCU,ISSO É UMA BICICLETA OU O QUE!? GOLAÇO DA VENEZUELA EM CIMA DO BRASIL!,"Oct 13, 2023",52,67.87,1219,78.63,32352,408,482455,473632,0:00:40
Vt89DE45_DA,POR ISSO WESLEY PERDEU ESSE GOL no JOGO do CRUZEIRO,"Nov 23, 2023",53,77.63,1004,83.91,27783,508,472793,2328439,0:00:44
o6RaKmMtb90,Maguire e De Gea: os trapalhões do Manchester United,"Apr 20, 2023",16,76.08,512,126.24,21660,94,453500,51835,0:00:20
ahwqZdpkgnE,ATHLETICO PR x FLAMENGO - GOL do GABIGOL  - COPA do BRASIL 2023,"Jul 13, 2023",60,74.78,1979,82.16,38270,191,406354,103970,0:00:49
WmlPxyPTb_E,Mourinho conta a história da icônica foto em Inter de Milão x Barcelona na Champions League de 2010,"Dec 5, 2023",60,77.95,378,88.46,37138,130,388901,41094,0:00:53
eCYsgZiwB7U,O SANTOS ACABOU com a SECA do LUIZ ADRIANO no INTERNACIONAL!,"Oct 22, 2023",52,74.14,1077,80.18,31096,108,380638,327758,0:00:41
On-Yas6G7zo,LUIS SUAREZ JOGOU a ISCA pra MARCAR o HAT TRICK no GRÊMIO,"Nov 10, 2023",60,67.14,915,78.59,32853,394,367758,445756,0:00:47
O6FFp3fPXAs,LUCAS MOURA foi AGILIDADE PURA nesse GOLAÇO!,"Aug 3, 2023",55,76.94,979,82.7,32701,156,356949,107666,0:00:45
5pINXQ6peK8,SAO PAULO x CORINTHIANS - GOL do LUCAS MOURA - COPA do BRASIL 2023,"Aug 17, 2023",60,61.77,1110,77.92,21666,1116,350807,1114156,0:00:46
H3jiqttDa_M,OLHA o q o SUAREZ fez pra ARRANCAR o EMPATE contra o FORTALEZA,"Oct 1, 2023",44,77.77,699,86.25,24717,306,326710,1538670,0:00:37
HWlnPX5xJoo,SAO PAULO 4x1 SANTOS - GOL de ALEXANDRE PATO e GOLEADA do tricolor no CAMPEONATO BRASILEIRO 2023,"Jul 16, 2023",53,61.88,895,79.26,17544,201,297152,731580,0:00:42
IdxYCwsZ4sI,ATHLETICO PR X FLAMENGO - GOL CONTRA de ERICK - COPA do BRASIL 2023,"Jul 13, 2023",59,76.11,1020,78.22,21459,124,293632,96074,0:00:46
91JAaKTPVDg,Maguire: sempre ele!,"Apr 13, 2023",17,80.93,529,119.63,19182,113,273484,82105,0:00:20
xbQYEXq2-rs,NEYMAR faz GOLAÇO pelo PSG na sua volta!,"Aug 6, 2023",55,68.26,643,86.8,27177,196,265075,110165,0:00:47
7fLBMDEEZ3I,A VELOCIDADE de RACIOCÍNIO do ARTILHEIRO DO CAMPEONATO BRASILEIRO 2023!,"Oct 9, 2023",45,76.63,585,84.24,20603,388,257442,966565,0:00:37
SiFJ8lzCrzs,GIL FICA no ATAQUE do CORINTHIANS e ISSO ACONTECE!,"Sep 23, 2023",60,73.57,900,85.04,32255,176,252950,191701,0:00:51
h3ypAbNVULQ,RONALDO FENOMENO DRIBLANDO GOLEIRO,"Dec 23, 2023",46,68.03,490,102.88,21414,282,239290,29486,0:00:47
nbfUkpBI-nI,"MESSI, SUÁREZ E NEYMAR dando AULA de FUTEBOL!","Sep 7, 2023",57,64.73,824,93.55,36030,469,236114,150378,0:00:53
tvztviug8rE,Raphael Veiga x Luciano: chute na bandeirinha de escanteio é cartão amarelo?,"Aug 3, 2023",25,83.89,156,104.63,12989,80,232327,92490,0:00:26
TowjOIq9jl8,BRASIL x BOLIVIA  - ELIMINATORIAS da COPA - GOL do NEYMAR MAIOR ARTILHEIRO DA SELEÇÃO BRASILEIRA,"Sep 9, 2023",58,61.53,970,78.68,22294,197,207295,229599,0:00:45
_9j4S-XaGVg,PALMEIRAS PRECISOU de 3 PASSES pro BRENO LOPES MARCAR!,"Oct 26, 2023",58,69.07,415,78.94,14149,243,195791,233673,0:00:45
eC809xlQMhU,O BRASIL SOFREU com ESSE GOLAÇO ANTOLÓGICO da COLOMBIA!,"Nov 15, 2023",42,86.78,467,74.13,7711,190,170684,3885745,0:00:31
UopgPD4ijgc,FLAMENGO x ATHLETICO PR - GOL do CANOBBIO - COPA DO BRASIL 2023,"Jul 6, 2023",51,69.54,513,81.99,12155,101,165589,325107,0:00:41
AIWF19uqNKs,BENFICA x PORTO - GOL do DI MARIA na SUPERTAÇA de PORTUGAL!,"Aug 10, 2023",60,65.04,728,79.68,18204,221,164578,458844,0:00:47
UZpMiPEqBpc,O PELÉ JÁ TINHA FEITO ISSO ANTES!,"Dec 15, 2023",57,68.56,384,91.51,20039,872,156477,30575,0:00:52
piAx8ykOZOU,BOTAFOGO x CORITIBA - TIQUINHO SOARES - CAMPEONATO BRASILEIRO 2023,"Jul 30, 2023",41,69.82,460,87.95,11267,405,138622,1230426,0:00:36
fI8l8WVL014,ATLETICO MG x CORINTHIANS - GOL do ROGER GUEDES - CAMPEONATO BRASILEIRO 2023,"Jul 8, 2023",59,66.92,637,76.36,13754,139,137211,450430,0:00:45
aipiN5yFTAI,Foi PÊNALTI no SOTELDO?,"Oct 30, 2023",26,73.06,207,109.92,8870,230,136682,187895,0:00:28
WggPskv3Mz0,PUMITA RODRIGUEZ tem TEMPO de REAÇÃO pra MARCAR um BONITO GOL pro VASCO,"Nov 23, 2023",48,68.92,312,85.35,11406,171,130853,244373,0:00:40
UGVLbn-gQdU,JAMES RODRIGUEZ VIRA O CARRASCO DO URUGUAI NESSA ELIMINATORIA,"Oct 12, 2023",60,66.96,324,70.78,11959,108,130655,276381,0:00:42
jW7v3MnW2uM,"Neymar, Messi e mais quem? Os jogadores com mais assistências na história por seleções","Sep 13, 2023",34,67.19,278,85.43,11526,63,129001,40725,0:00:29
PB31g6mSnqU,POLÊMICA: ENDRICK x GABRIEL MAGALHÃES,"Nov 15, 2023",33,73.77,269,87.54,8934,30,127340,56174,0:00:28
B0LbUpe9shY,CALEBE DEIXA PIKACHU na BOA pra fazer o GOL do FORTALEZA,"Nov 23, 2023",52,67.64,309,81.67,10747,85,126119,140153,0:00:42
R9BmLUtOdxc,SÓ DE LA CRUZ e DARWIN NÚÑEZ do URUGUAI SUPERARAM TODA a ZAGA do BRASIL,"Oct 18, 2023",32,62.32,130,86.98,6100,96,123363,104725,0:00:27
cd7ELCDLyUY,CORINTHIANS x VASCO - RENATO AUGUSTO é o MAESTRO do TIMÃO!,"Jul 29, 2023",56,67.79,555,79.96,10045,170,114897,517109,0:00:44
qfPVn7HjEcA,CALLERI tem que AGRADECER o NESTOR depois desse CORTA LUZ!,"Oct 1, 2023",41,65.63,257,83.43,9731,312,114608,220053,0:00:34
3Q7bumtGqoM,Fortaleza x Ceará: Thiago Galhardo provocou? Agora aguenta!,"Apr 8, 2023",21,73.14,297,101.63,4897,56,113353,655662,0:00:21
7tA7QTg_YLk,BRASIL x PERU - NEYMAR xG - EXPECTATIVA de GOL,"Sep 13, 2023",51,68.42,526,79.09,10817,74,110236,130218,0:00:40
SYIXlVrDqhI,NEYMAR HUMILHOU o FLAMENGO que GOLAÇO!,"Jun 24, 2023",58,64.75,427,85.11,15539,156,109330,59082,0:00:49
OGDrq1ubZlE,BRUNO HENRIQUE está de VOLTA! FLAMENGO 4x0 AUCAS! LIBERTADORES 2023,"Jun 29, 2023",52,65.78,530,83.1,6845,59,107072,66947,0:00:43
6myu28Bitk8,LIONEL MESSI ESTÁ no AUGE HÁ MAIS de 10 ANOS!!,"Nov 18, 2023",46,66.44,196,81.07,9639,59,105912,74042,0:00:37
mTs0QD95Qbk,Como começou o chororô entre Botafogo x Flamengo? Bruno Henrique provocou.,"Sep 3, 2023",59,69.34,185,77.49,6651,306,101416,694989,0:00:45
gle3Qhltjkg,VASCO x FLUMINENSE - GOL do PRAXEDES - CAMPEONATO BRASILEIRO 2023,"Sep 17, 2023",51,68.8,254,81.46,11174,131,100394,175675,0:00:41
jDDnB7G1KWs,YURI ALBERTO SURPREENDEU no GOL do CORINTHIANS contra o FLUMINENSE,"Oct 20, 2023",45,71.5,200,86.07,9248,106,97705,206378,0:00:38
d65_r8hZauA,🏆 BOTAFOGO campeão do BRASILEIRÃO 2023? UM time FEZ ISSO e...,"Jul 10, 2023",21,74.52,205,107.67,5345,108,95982,768103,0:00:22
pEfxatWmkiU,ISSO mostrou que o ENDRICK vai entrar pra HISTÓRIA,"Nov 2, 2023",31,65.92,261,85.2,6642,97,88960,189652,0:00:26
oE2xrBLnXj4,Palmeiras x Boca Juniors na Libertadores 2023 marca encontro entre Raphael Veiga e Romero,"Aug 31, 2023",27,65.89,164,89.19,4005,58,87370,1358341,0:00:24
KyGuSu7EKfQ,POR ISSO a ZAGA do BRASIL ficou PERDIDA contra o URUGUAI,"Oct 18, 2023",38,68.14,158,86.59,8812,134,86091,188853,0:00:32
f1Xq2UHsTbw,O ROSSI é APAIXONADO pelo VASCO DA GAMA no CAMPEONATO BRASILEIRO!,"Sep 22, 2023",53,73.82,343,78.58,8897,332,86057,1070611,0:00:41
Aj_CgHFUkS4,ENDRICK! O INTERNACIONAL MARCA ALTO mas o PALMEIRAS TAMBÉM SABE!,"Nov 12, 2023",60,55.64,148,75.15,7445,157,85920,282400,0:00:45
PvNCXl_6TiE,ENNER VALENCIA REBATE AS CRÍTICAS DESANCANTANDO NO CAMPEONATO BRASILEIRO,"Oct 8, 2023",59,67.77,252,76.89,8123,97,83041,301335,0:00:45
VgmkEc5FcD8,PRIMEIRA JOGADA de LUIZ ARAUJO na ESTRÉIA pelo FLAMENGO - COPA do BRASIL 2023,"Jul 6, 2023",40,72.76,249,83.87,5562,48,79972,98810,0:00:33
8BxfQ6RwhOA,O GUILHERME FICOU FELIZ com o GOL do THIAGO GALHARDO pro FORTALEZA,"Nov 26, 2023",57,68.45,170,75.14,5774,37,78932,159159,0:00:42
v4NE77yoR34,KAKA fez MESSI COMER POEIRA nesse GOLAÇO pela SELEÇÃO BRASILEIRA!,"Dec 26, 2023",47,60.46,149,96.75,7630,144,78754,24530,0:00:45
X8pytk6_VFI,A melhor Série B de todos os tempos!,"Apr 14, 2023",37,71.31,220,87.17,4817,29,78715,795325,0:00:32
t-HAq2l9W7A,CAVANI tem o TIMMING PERFEITO no GOL em cima do PALMEIRAS!,"Oct 6, 2023",56,59.98,188,75.34,6897,149,76530,166038,0:00:42
XzabAzzgzBU,ALAN PATRICK deixou MAURÍCIO com xG ALTÍSSIMO pra MARCAR O GOL PRO INTERNACIONAL,"Oct 27, 2023",58,66.23,251,77.35,6788,172,75903,235967,0:00:44
wVrRU73u-XE,A RAÇA do URUGUAI no GOL do RONALD ARAUJO!,"Nov 17, 2023",59,68.61,126,77.77,8970,53,75352,103869,0:00:45
7t7JebOb3pY,CAULY TEM CINTURA pra MARCAR o GOL pro BAHIA,"Nov 25, 2023",46,65.4,183,82.23,7263,197,74998,247469,0:00:37
zvNuG9E5Iog,GOL do PAYET terminou o que PAULO HENRIQUE começou no jogo do VASCO contra o FORTALEZA,"Oct 19, 2023",59,61.13,189,75.99,7136,140,74697,207707,0:00:44
5XUTipNXNTw,GREMIO x FLUMINENSE - CAMPEONATO BRASILEIRO 2023 - LUIS SUAREZ deixa BITELLO na CARA DO GOL!,"Aug 13, 2023",31,63.05,238,90.52,5406,108,72753,623094,0:00:28
ehEKgRZBRjE,ENDRICK COMANDA a VIRADA do PALMEIRAS e GOSTA de DECIDIR!,"Nov 2, 2023",60,66.01,272,77.81,7816,129,72057,445933,0:00:46
-8uLLdjsa40,SAO PAULO x SAN LORENZO - GOL do LUCIANO - SULAMERICANA 2023,"Aug 11, 2023",51,57.41,245,82.27,5935,180,70212,338488,0:00:41
hQs0ZTrQgWw,A TÁTICA por trás do GOLAÇO de ENNER VALENCIA em Internacional x Bolívar pela Libertadores,"Aug 23, 2023",60,74.88,222,80.29,5337,208,69430,1105261,0:00:48
a77AdWGMV78,Botafogo: GOLAÇO do EDUARDO - CAMPEONATO BRASILEIRO 2023,"Jul 10, 2023",48,67.68,291,81.04,4909,102,69100,384847,0:00:38
xz9e9kTGouM,BOTAFOGO! CLEITON DEU AZAR no GOL do VITOR SÁ!,"Nov 12, 2023",48,62.35,147,80.98,7245,39,65389,86896,0:00:38
9Y6dOmvkup8,Defesas MILAGROSAS de ROCHET e GOL DA CLASSIFICAÇÃO em Internacional x River Plate,"Aug 9, 2023",19,68.76,155,110.96,4560,86,64649,433579,0:00:21
RggAKa8Qlbg,BOTAFOGO x BAHIA - GOL DIEGO COSTA - CAMPEONATO BRASILEIRO 2023,"Aug 27, 2023",59,56.86,231,78.75,6081,198,63692,263745,0:00:46
rlC8g26Cnus,"Gol, título e comemoração: DEYVERSON, o PAI do FLAMENGO!","Aug 7, 2023",26,65.63,65,99,3696,144,63115,67631,0:00:25
Cu-cNISZejc,Esquema de aposta? Por que Lucas Paquetá não foi convocado?,"Aug 19, 2023",44,63.4,96,74.84,3994,248,61601,180954,0:00:32
xNVXNBnbmoo,CRISTIANO RONALDO - HAT TRICK - AL FATEH x AL NASSR!,"Aug 26, 2023",60,63.89,149,79.83,5965,38,59158,39142,0:00:47
j7qw2K-B5oA,Arbitragem polêmica: Internacional foi prejudicado contra o River Plate? | Libertadores 2023,"Aug 9, 2023",25,70.84,96,100.57,3754,148,57853,220122,0:00:25
wKPu5qKYBGs,LUIS SUAREZ do GRÊMIO NÃO PERDOA o BOTAFOGO!,"Nov 10, 2023",44,62.88,154,74.92,6704,103,57826,173378,0:00:32
YaXZOlyGCBY,LUIS DIAZ da COLÔMBIA será o NOVO CARRASCO da SELEÇÃO BRASILEIRA!?,"Nov 17, 2023",42,67.16,98,81.56,4987,57,56327,89327,0:00:34
-0KIBFmHnh4,Vitor Roque: MARRA ou PERSONALIDADE?,"Jul 24, 2023",34,76.3,85,93.89,5331,22,52325,146232,0:00:31
0nRulr-9EbQ,SELEÇÃO FEMININA - GOL HISTÓRICO de MARTA na COPA DO MUNDO FEMININA!,"Jul 20, 2023",47,68,165,84.78,4048,103,50925,365023,0:00:39
qNAc1JSTNDY,São Paulo foi prejudicado pela arbitragem contra o Corinthians?,"May 14, 2023",16,71.44,115,126.96,1710,384,49776,329912,0:00:20
3sdZ0xFUYOw,CONTRA ATAQUE do BAHIA -  COPA do BRASIL 2023,"Jul 5, 2023",57,66.61,227,77.95,3772,77,48357,282698,0:00:44
79Uozy6SBqE,Os MOTIVOS para o BOTAFOGO já ser CAMPEÃO do BRASILEIRÃO 2023,"Jul 22, 2023",26,71.13,147,92.64,3700,142,48116,248193,0:00:24
MltU5XP3iyk,A primeira VEGONHA de KAI HAVERTZ no ARSENAL,"Jul 19, 2023",19,74.28,30,107.14,2209,20,46374,39674,0:00:20
A_2xti1P-nU,BOTAFOGO PERDEU a LIDERANÇA do Brasileirão,"Nov 12, 2023",29,63.75,193,81.27,3636,30,46003,74488,0:00:23
kO-4Qk2UxdY,"FlaFlu: Gabigol provocou, Marcelo respondeu!","May 17, 2023",23,64.93,94,103.56,1870,48,45388,13928,0:00:23
O_-YVaFSFyY,NÃO APOSENTA da Croácia LUKA MODRIC!,"Jun 18, 2023",24,64.67,102,98.01,2374,13,44708,28162,0:00:23
KOzln1iWyR0,CRISTIANO RONALDO faz DOIS GOLS e decide final entre AL NASSR X AL HILAL,"Aug 12, 2023",47,66.79,188,79.47,3836,24,41438,257470,0:00:37
vxRJ8APalX4,IMPACTO de MESSI no Inter Miami e MLS,"Jun 17, 2023",16,65.09,96,110.62,2510,36,41399,392388,0:00:17
O249af1SI6s,SANTOS x BOTAFOGO - GOL do MARCOS LEONARDO - CAMPEONATO BRASILEIRO 2023,"Jul 23, 2023",55,70.32,117,75.9,2726,60,39188,370233,0:00:41
zJ9sto2HowI,MARCOS LEONARDO do SANTOS MERECE uma VAGA na SELEÇÃO BRASILEIRA!?,"Oct 27, 2023",50,63.86,99,76.48,3519,60,38814,92199,0:00:38
_WH4wOiN9oQ,O MAIOR GOLAÇO da HISTÓRIA das COPAS foi do MARADONA!?,"Dec 22, 2023",60,59.33,153,85.25,4904,137,37445,27645,0:00:51
szKPGkFI6Ds,Palmeiras prejudicado pela arbitragem contra o Boca Juniors na Libertadores?,"Oct 7, 2023",39,61.91,59,79.79,2989,73,37004,99393,0:00:31
NhSRf5oAsKY,"Depois de ZIDANE, antes de BELLINGHAM: TODOS que usaram número 5 no Real Madrid","Jun 15, 2023",18,56.49,53,112.23,1619,11,36844,15974,0:00:20
lKHghP4W44o,Mereceu? NEYMAR ficou IRRITADO que JOGARAM PIPOCA nele depois de Brasil x Venezuela,"Oct 13, 2023",48,62.45,40,71.49,3164,33,36684,81961,0:00:34
UBJNy53W2ZU,Arbitragem da Premier League quase acaba com a disputa Arsenal e Manchester City,"May 7, 2023",22,73.52,50,98.85,2299,3,36613,9497,0:00:21
5HA365yDgDA,Gol do VIDAL mal ANULADO? Bola na mão?,"Aug 16, 2023",25,67,77,104.65,2598,57,36233,106150,0:00:26
8pyvxlILaaA,Foi MAIS FÁCIL para NEYMAR fazer gols pela SELEÇÃO BRASILEIRA e ultrapassar PELÉ?,"Sep 9, 2023",33,59.66,47,84.16,2812,21,36151,39486,0:00:27
XbZ0IqXixig,Rogério Ceni deu AULA de cobrança de falta no treino do Bahia,"Oct 21, 2023",29,59.85,30,99.04,3522,57,35125,57695,0:00:28
KNxIOPQylIE,Lamine Yamal é o próximo craque do Barcelona e da Seleção da Espanha,"Sep 10, 2023",32,59,59,82.38,3137,23,33100,74748,0:00:26
TCW1cLwWtG8,Lucas Moura: Falha bizarra pelo Tottenham na Premier League,"Apr 30, 2023",25,59.47,103,96.06,2356,50,32834,161019,0:00:24
HKnh_XcEv4c,ELIMINATORIAS DA COPA - GOL da COLOMBIA x VENEZUELA - BORRE,"Sep 8, 2023",60,57.99,105,68.97,3813,37,32559,49039,0:00:41
WNO8TYS_nj8,O CONTRA ATAQUE do PALMEIRAS é FULMINANTE no GOL do BRENO LOPES!,"Dec 3, 2023",48,68.62,88,87.75,3095,127,32211,185251,0:00:42
WOkHv_0wsQA,Só Vale Golaço na Copa do Brasil,"May 18, 2023",22,64.06,114,96.96,1729,42,31641,98989,0:00:21
QbnsyjeLAhQ,"Gerson e Varela saem no soco, depois preparador agredir Pedro: Flamengo se perdeu?","Aug 15, 2023",27,60.8,78,92.45,1726,19,30563,98312,0:00:24
Lwh0HHzA06Y,"GUILHERME MADRUGA, do BOTAFOGO-SP, é o DONO do PÚSKAS","Oct 22, 2023",33,54.94,20,89.68,2372,51,30190,38722,0:00:29
gtp9lq1b0HM,O Vasco vai cair pra Série B?,"Sep 22, 2023",24,64.58,54,82.93,2171,47,29721,65884,0:00:19
Pqq_cFjSxKI,GOL do MESSI - INTER MIAMI x CHARLOTTE!,"Aug 12, 2023",49,58.24,94,88.14,3159,34,29588,68963,0:00:43
MI4tCx89AiQ,Decidir a final da Copa do Brasil no Morumbi vai fazer diferença para o São Paulo x Flamengo?,"Aug 28, 2023",30,69.86,52,81.67,1677,19,29502,76020,0:00:24
EdaNrc2A2X4,OLÍMPIA x FLUMINENSE - LIBERTADORES 2023 - GOL JOHN KENNEDY,"Sep 1, 2023",55,52.93,115,73.92,2759,72,29417,186601,0:00:40
dKERnF4agak,Qual a chance do Flamengo ganhar a COPA DO BRASIL do São Paulo?,"Sep 18, 2023",25,57.81,42,86.14,2745,52,29405,61148,0:00:21
1-xzEvNtCVQ,ATLETICO MG x BOTAFOGO - GOL do PAULINHO - CAMPEONATO BRASILEIRO 2023,"Sep 17, 2023",60,65.28,93,70.31,2784,55,28829,130057,0:00:42
v_d3j_VdPDU,GOLAÇO do HAALAND - MANCHESTES CITY x BURNLEY - PREMIERE LEAGUE CAMPEONATO INGLÊS,"Aug 13, 2023",49,61.88,120,87.07,4022,27,28789,37844,0:00:42
1Lb1q1K5Ve8,Garrafa do Pickford não funcionou contra o Salah,"Oct 21, 2023",43,61.91,26,86.42,2289,13,28556,26943,0:00:37
E_BOqmVYrWs,O Gol Mais Rápido da História da Copa do Nordeste,"Apr 20, 2023",21,68.4,105,101.47,1748,26,28466,72204,0:00:21
i7nF034mkJ8,A HISTÓRIA EMOCIONANTE DE LUIS DIAZ,"Nov 17, 2023",60,62.61,49,61.71,2494,52,28160,57760,0:00:37
Z7LimHEzYyk,"Prazer, Hulk! Sassá é o artilheiro do Amazonas, Campeão da Série C","Oct 22, 2023",31,66.18,29,94.83,1958,13,28136,53629,0:00:29
I5kMZFV-qY8,"Quem é Kang- In Lee, o novo parça do Neymar?","Aug 4, 2023",35,60.66,72,80.23,2381,8,28041,69035,0:00:28
xw-E7srX6aA,Muito emocionante a apresentação do Sergio Ramos no Sevilla,"Sep 7, 2023",22,63.54,91,95.49,2745,10,27855,78601,0:00:21
b5ugT5M78wg,"Em Corinthians x Estudiantes, Cássio mostrou porque é o maior ídolo da história do Timão","Aug 30, 2023",27,59.72,46,94.74,2217,35,26624,75983,0:00:25
kZV-ZwVj3zc,Fora e dentro do campo Gabriel Jesus merece ser convocado no lugar de Antony na Seleção Brasileira,"Sep 5, 2023",32,62.92,35,91.2,1989,13,26555,40963,0:00:29
QdkzFHHhAY8,Só uma MALDIÇÃO para o NEYMAR em BRASIL X PERU nas Eliminatórias,"Sep 12, 2023",33,54.02,24,76.39,1625,14,26440,99018,0:00:25
RILvxEBaG9A,Quem é Matias Rojas do Corinthians?,"Jul 15, 2023",22,62.78,78,93.13,1921,65,26384,179876,0:00:20
bbd5poyVTYc,Aproveitamento de Fernando Diniz no Fluminense foi impactado pela Seleção Brasileira?,"Sep 4, 2023",31,54.38,40,76.88,1724,7,26023,37228,0:00:23
v2_WigxmE7Q,FALTOU VONTADE pro BRAGANTINO ASSUMIR a LIDERANÇA do CAMPEONATO BRASILEIRO 2023,"Nov 9, 2023",53,61.36,82,75.59,2505,19,26023,130885,0:00:40
Pjhpl7LHdJQ,ATHLETICO PR x ATLÉTICO MG - GOL PAULINHO - CAMPEONATO BRASILEIRO 2023,"Sep 2, 2023",58,62.37,77,75.51,2478,24,25752,68536,0:00:43
fe6fJHwE3p8,O que VOCÊ NÃO VIU da classificação do CORINTHIANS contra AMÉRICA-MG na COPA DO BRASIL,"Jul 15, 2023",25,64.25,61,91.49,1560,9,25512,198534,0:00:22
1BFeKV6TSzI,Classificação do São Paulo na Sula teve péssima arbitragem contra o San Lorenzo,"Aug 11, 2023",21,70.6,35,97.07,1613,22,25174,26832,0:00:20
h291l248NsA,Enzo Fernandez vai estrear pela Argentina em Eliminatórias,"Sep 7, 2023",30,62.09,38,78.02,2357,3,24491,33931,0:00:23
p_ZJlyUzW2E,Endrick TITULAR contra o Boca na semifinal da LIBERTADORES?,"Oct 5, 2023",44,60.88,63,62.04,1962,6,24132,60361,0:00:27
E0PMlKWW_Xk,QUE MATADA do DIEGO COSTA e CONSTRUÇÃO do GOL do BOTAFOGO!,"Nov 10, 2023",56,59.94,64,75.88,2706,41,23949,109957,0:00:42
DHRX-Rs6tjU,VITÓRIA é CAMPEÃO da SÉRIE B,"Nov 15, 2023",51,61.82,40,65.68,2285,50,23845,112465,0:00:33
TqUL50zqjGE,ENDRICK CONVOCADO para a Seleção Brasileira,"Nov 6, 2023",53,56.05,37,68.02,2588,68,23745,106752,0:00:36
ql6v_Ya4cz8,ENNER VALENCIA assistiu LUIZ ADRIANO fazer 2 gols em Inter e Independiente Medellín na Libertadores,"Jun 29, 2023",19,70.85,43,102.17,951,14,23671,129180,0:00:19
q2fI8TXh0Ek,Como foi a apresentação do Neymar no AL Hilal?,"Aug 19, 2023",32,55.31,49,88.76,2017,28,23270,91225,0:00:28
loe7FtW11A4,EU SEI quem vai ser CAMPEÃO do BRASILEIRÃO,"Nov 17, 2023",60,50.53,53,62.57,1750,7,23239,38183,0:00:37
RDs-u8uBCUY,Lesão do Arrascaeta preocupa Flamengo para a final da Copa do Brasil?,"Aug 27, 2023",29,69.27,22,87.53,1345,10,23213,29473,0:00:25
ogvli1z40Cc,O PALMEIRAS VAI SER CAMPEÃO do CAMPEONATO BRASILEIRO 2023!,"Nov 30, 2023",34,63.52,49,84.63,1826,30,22947,117148,0:00:28
SEFlmniGyqA,SANTOS já se salvou do REBAIXAMENTO no BRASILEIRÃO 2023?,"Oct 8, 2023",53,56.56,43,63.51,1952,22,22919,84892,0:00:33
jPsMHkGUaU4,GOIÁS INSISTE PELO ALTO e MATHEUS BABI SUPERA LÉO JARDIM do VASCO,"Oct 29, 2023",60,62.19,52,61.78,1767,13,22784,56130,0:00:37
OegK_QaVtyU,"De Gea, do Manchester United, é superestimado?","Apr 21, 2023",11,66.89,40,140.41,834,2,22727,5587,0:00:15
yPiUtoxNEW4,Inacreditável o protesto da torcida do Bayern de Munique contra a Supercopa da Alemanha,"Sep 27, 2023",37,65.47,9,87.99,1665,2,22321,25762,0:00:32
aEue4ZIPueY,Endrick merecia a convocação para a Seleção Brasileira mais do que Marcos Leonardo?,"Nov 6, 2023",60,50.01,25,61.67,2155,20,21740,63786,0:00:36
8GK-543RAzE,Enner Valência e Rochet vão levar o Inter pra final da Libertadores?,"Aug 30, 2023",33,58.01,41,84.95,1918,33,21642,101002,0:00:28
kbmzJYki_Wc,"Quem é Arthur Elias, novo técnico da Seleção Brasileira Feminina?","Sep 2, 2023",24,65.34,38,91.07,1589,12,21217,56307,0:00:21
6RDIvXn46x0,"Depois de pior início da carreira, Neymar desencanta e marca primeiro gol pelo Al Hilal","Oct 3, 2023",40,54.2,19,72.34,1800,4,21183,42076,0:00:28
VWwqX2_8Qwg,"Girona, a sensação do Campeonato Espanhol","Sep 28, 2023",27,54.99,23,78.58,1661,8,21154,41335,0:00:21
Bz3W8aO_sP8,Uma resposta aos HATERS de LUCAS MOURA no SÃO PAULO,"Aug 1, 2023",25,58.85,25,111.18,1586,14,21147,137013,0:00:27
9sWzL-M6J5E,Boca Juniors na final da Libertadores é sorte?,"Nov 3, 2023",60,55.24,25,63.64,1743,5,21030,82390,0:00:38
n7R6DVdZdwY,Donnarumma é mercenário?,"Nov 7, 2023",43,61.58,45,68.87,1979,17,20985,55574,0:00:29
NmZCnWDyPa8,FORTALEZA MARCA nessa MOVIMENTAÇÃO PERFEITA do LUCERO!,"Oct 28, 2023",48,59.36,50,75.58,2133,33,20830,93788,0:00:36
xrJuVtPBnHs,Artur copiou o drible do Messi no Boateng,"Apr 16, 2023",23,69.28,62,104.54,923,11,20714,6883,0:00:24
libz9kr6yNM,Quantas vezes o Fluminense jogou Libertadores?,"Nov 3, 2023",60,56.43,36,64.19,1710,14,20560,75424,0:00:38
Zy7ntwd7I9s,Gato preto trouxe sorte para o Santos no Brasileirão?,"Apr 25, 2023",16,60.68,44,108.36,1001,10,20354,16996,0:00:17
wp8Jrrnj3k8,"Depois das acusações, a carreira de Antony, do Manchester United, acabou?","Sep 10, 2023",26,47.1,30,92.97,1705,8,20249,51026,0:00:24
VDRvZReD1c4,FIRMINO SOBRA no CLÁSSICO no CAMPEONATO INGLÊS!,"Dec 30, 2023",57,66.09,63,88.79,2941,40,20230,13197,0:00:50
CCdsDLCR6nQ,Barcelona não ganha Série B,"Apr 23, 2023",12,71.05,29,125.39,819,6,20081,4705,0:00:15
TGWR2rubUy8,MESSI é eleito o BOLA DE OURO de 2023,"Oct 31, 2023",60,58.5,36,54.29,1765,17,20069,41251,0:00:32
JTbygxArcPc,"Paloma Bernardi, atriz da Globo, é fã de Vegetti, do Vasco?","Sep 28, 2023",40,54.06,10,72.88,1491,29,20065,37555,0:00:29
wteMqxQc94s,Cristiano Ronaldo virou atacante condomínio ou jogador da NFL?,"Nov 28, 2023",54,64.3,17,71.93,1512,3,19941,23665,0:00:38
tKXkgT4dfe0,Como LUCAS PERRI e ADRYELSON foram parar no Botafogo?,"Oct 15, 2023",38,61.8,45,67.29,1553,12,19914,43245,0:00:25
o9GNPkdM9rM,O Pedro não sabe mais fazer gol?,"Sep 30, 2023",23,57.77,22,91.57,1720,8,19901,42374,0:00:21
t8bC86yWeQY,ACERTEI os PALPITES de quais times SUBIRIAM no início da SÉRIE B?,"Oct 12, 2023",52,53.86,28,76.78,1865,5,19799,57532,0:00:39
IPj1Tj_gaNY,Como foi a estreia do Lucas Moura no São Paulo?,"Aug 7, 2023",23,58.15,35,93.36,1346,8,19756,128005,0:00:21
FWo0m3kf3D8,Gol de bike do Rony contra o Fluminense merecia o Puskas?,"Aug 5, 2023",22,68.09,38,97.55,1572,4,19661,33960,0:00:21
tsJI7Ieb22A,TUDO ACONTECEU no jogo que garantiu o PAYSANDU na SÉRIE B do Campeonato Brasileiro,"Oct 8, 2023",50,53.7,31,67.81,1823,15,19229,81614,0:00:33
Wh2AA8oM7qk,ERA ABEL FERREIRA: quantos técnicos os rivais tiveram nesse tempo?,"Oct 31, 2023",58,55.93,27,56.18,1579,13,19104,37902,0:00:32
b6_y_1TIK2w,"NEYMAR em estreia, qual o histórico?","Sep 15, 2023",50,55.37,35,78.8,2019,6,18995,39202,0:00:39
oyyzFzr6pXY,"Sem Neymar e Messi, Mbappe paga pela sua vaidade no PSG","Oct 4, 2023",52,54.73,40,67.91,1987,5,18942,47859,0:00:35
uKf-mX1TB_w,"Elenco do Al Nassr, time do CR7,  é confiável? Campeonato Saudita","Aug 14, 2023",30,61.57,29,91.59,1273,2,18899,30039,0:00:27
TZNNkWqWtiY,É VERDADE q o TORCEDOR do BOCA JUNIORS foi A PÉ para a FINAL da LIBERTADORES 2023!?,"Nov 4, 2023",56,44.73,31,70.61,1509,12,18889,120032,0:00:39
2A3JGd_FSzs,Fluminense foi ajudado contra o Argentinos Juniors na Libertadores?,"Aug 9, 2023",19,60.1,20,105.16,1040,87,18885,108030,0:00:19
VJjWcaw_43c,Desafio Natalino: Aposta Épica de Maicon e Mourinho na Inter de Milão,"Dec 24, 2023",54,66.54,24,63.6,1632,14,18881,17069,0:00:34
ueN5jFgOAdA,GABRIEL JESUS tem quantos GOLS na CHAMPIONS LEAGUE?,"Oct 24, 2023",40,65.36,35,65.12,1635,12,18784,35756,0:00:26
6as5Q-1aDi0,Homenagem JOHN KENNEDY pro FRED?,"Nov 26, 2023",59,59.68,24,59.81,1651,27,18467,44305,0:00:35
RGncPTsecLQ,Flamengo rasga dinheiro com multa rescisória de treinadores,"Apr 11, 2023",36,57.97,41,74.22,764,28,18406,11922,0:00:26
yY-5TzJMNHg,Corinthians sofre RACISMO e ataques na Argentina jogando pela Sul Americana,"Aug 9, 2023",32,60.16,39,81.36,1501,19,18347,55957,0:00:26
BMCPz0LjmM4,Qual a nota da ESTREIA do NEYMAR pelo AL HILAL na CHAMPIONS ASIÁTICA?,"Sep 18, 2023",56,52.89,19,67.32,1750,6,18064,41403,0:00:37
OrGobiTScLM,GRÊMIO bateu MARCA HISTÓRICA no BRASILEIRÃO,"Oct 26, 2023",41,51.28,20,65.75,1212,14,18025,49496,0:00:26
3po-jOnfe5w,SYLVINHO tá fazendo história na Albânia,"Oct 14, 2023",26,50.36,28,84.87,1401,10,17820,32077,0:00:22
wiLvbQNCCZI,Gol de Luis Suarez no MELHOR JOGO do BRASILEIRÃO!,"Sep 19, 2023",24,61.8,31,79.37,1351,9,17808,46700,0:00:19
vPDJAoOP9wQ,Curiosidades BIZARRAS de Manchester City x Arsenal na Premier League,"Oct 8, 2023",38,48.9,22,68.97,1630,18,17734,43311,0:00:26
EBug5CINRmw,INACREDITÁVEL o gol que o DEYVERSON perdeu!,"Oct 15, 2023",37,60.14,34,73.67,1270,5,17675,51349,0:00:27
tCCP-RRveZ8,Breno Lopes e o Top 3 gols mais perdidos dessa rodada do Brasileirão,"Sep 4, 2023",45,57.31,19,79.85,1225,23,17657,59467,0:00:35
s9vaKZagJ4U,ARBOLEDA se machucou em jogo pelo Equador e saiu CHORANDO!,"Sep 13, 2023",30,55.41,39,78.28,1510,45,17548,49230,0:00:23
yqmOdDg_hkI,Gol da Superação: Čvančara e a Chuteira da Sorte!,"Dec 3, 2023",48,64.14,15,75.17,1273,5,17065,26868,0:00:36
hy_I_VlP320,Raphael Claus é palmeirense?,"Oct 26, 2023",38,57.89,10,85.57,1128,10,16781,90507,0:00:32
Q8J6X4J_T_U,MAIORES GOLEADAS da história da Premier League,"Sep 24, 2023",48,58.65,18,69.92,1379,1,16739,24611,0:00:33
K0wKQQoUd2M,CORONA mudou a vida dos torcedores do América do México para SEMPRE,"Nov 20, 2023",53,55.74,14,77.41,1627,62,16595,23128,0:00:41
GqF21NMMU-E,VASCO precisa DISSO para se SALVAR do REBAIXAMENTO no Brasileirão,"Jun 18, 2023",20,63.54,35,105.55,712,30,16501,168776,0:00:21
dmSQ2Z_qAPo,O CORINTHIANS RESPIRA ALIVIADO com esse GOLAÇO do MOSCARDO,"Nov 29, 2023",33,60.95,28,87.5,1488,14,16145,33415,0:00:28
Jffc4ACwLOU,Gabigol melhor batedor de pênalti do mundo,"May 7, 2023",12,62.76,57,133.61,770,21,16100,54801,0:00:16
zSYmfvHjRao,"Bellingham, Bruno Fernandes ou Odegaard: Quem é o melhor meia do futebol europeu?","Sep 12, 2023",38,50.68,14,69.16,1557,13,16081,33460,0:00:26
w9TyM3a3dj8,Carlo Ancelotti vem mesmo pra seleção brasileira,"Sep 25, 2023",30,52.5,23,81.57,1211,8,16050,25844,0:00:24
SpcrITBuJjM,O maior roubo em Brasil e Argentina,"Nov 22, 2023",37,52.98,12,74.74,1124,6,16023,38387,0:00:27
VqYIVD-dyzM,BRUNO LAGE VAIADO pela torcida do BOTAFOGO por deixar TIQUINHO SOARES no banco,"Oct 3, 2023",42,52.01,22,70.01,1465,9,16023,74389,0:00:29
fQACxdtPWwg,Cássio é o maior ídolo da história do Corinthians?,"Apr 27, 2023",19,72.05,34,97.23,699,9,15866,10891,0:00:18
WGPk9uZlTVo,Calleri é ídolo do São Paulo?,"Sep 26, 2023",27,53.03,19,83.46,1592,8,15802,38891,0:00:22
wq1QznsPAg8,Flamengo x Corinthians: Vitória com gol de Léo Pereira foi obra do acaso?,"May 21, 2023",11,59.08,50,143.81,865,23,15743,78423,0:00:15
ShDTL-D05DM,Endrick se inspira nas estrelas da NBA,"Nov 19, 2023",41,56.21,17,83.31,1239,17,15652,20644,0:00:34
a9ApMwEvtnE,Quem é o melhor jogador do Brasileirão na história?,"Dec 12, 2023",42,66.25,31,75.92,1233,11,15586,22581,0:00:31
tz9vmp3Lylk,Milan é freguês da Inter de Milão?,"Sep 16, 2023",26,53.59,34,76.75,1442,4,15520,36150,0:00:19
6WHFrn8OlFM,"Essa estatística do TIQUINHO SOARES, do BOTAFOGO, é ABSURDA no BRASILEIRÃO 2023","Jul 31, 2023",20,60.47,28,113.95,1257,7,15506,52472,0:00:22
s16h2fWlNq0,Porque as torcidas de Palmeiras e Vasco são amigas?,"Aug 27, 2023",31,61.21,15,71.96,1125,32,15475,75263,0:00:22
SothvXwujvE,LUXEMBURGO é o responsável pelo sucesso do CORINTHIANS na SUL-AMERICANA e COPA DO BRASIL?,"Aug 2, 2023",32,57.97,17,72.96,1170,4,15409,38439,0:00:23
4ebu8ZpgEt8,Não PRESTAVA no VASCO? NENÊ tá ARREBENTANDO pelo JUVENTUDE na SÉRIE B,"Oct 17, 2023",42,55.15,26,73.32,1287,17,15155,55915,0:00:30
EWsU2RxO6Wo,MESSI mereceu ganhar a BOLA DE OURO?,"Oct 31, 2023",45,51.02,36,76.57,1470,28,15148,45826,0:00:34
PPIgNLuz-ts,O TITE foi INJUSTIÇADO na SELEÇÃO?,"Nov 20, 2023",33,54.49,25,88.41,1275,27,15021,32863,0:00:29
tSP_8KC2o64,Flamengo de Jorge Sampaoli treina durante a Data Fifa?,"Sep 14, 2023",29,50.91,19,79.55,1313,12,15017,41702,0:00:23
Bh8hBU3Znsc,Com Tite no Corinthians: Fortaleza não é mais favorito na Sul Americana?,"Sep 27, 2023",29,49,16,67.25,922,1,14968,46416,0:00:19
XozqoGotieY,MARADONA GOL de MÃO de DEUS,"Dec 20, 2023",48,57.72,68,95.35,1788,30,14920,20606,0:00:45
HEFh9wtfULs,CAVANI vai jogar BEM no Boca Juniors?,"Aug 1, 2023",23,55.84,25,94.61,1117,6,14840,28125,0:00:21
K5H1ZxRjgek,IMPRESSIONANTE esse GOL CONTRA do IBAÑEZ,"Oct 27, 2023",31,58.75,26,83.9,1013,0,14805,29737,0:00:26
LGb3sCnoVY0,CORINTHIANS ELIMIMINADO tarde da Sulamericana,"Oct 4, 2023",34,47.71,17,68.13,1280,14,14725,39478,0:00:23
oUD6Woac6UA,Dorival Júnior já salvou o São Paulo do rebaixamento,"Apr 19, 2023",26,62.8,68,85.83,684,13,14598,88542,0:00:22
IqNc2lB49ZM,Barcelona voltou: É favorito ao título de La Liga e Champions League?,"Sep 23, 2023",58,52.96,20,61.89,1512,10,14550,33569,0:00:35
4iAzGJ2-oKQ,FLUMINENSE marca com GERMÁN CANO na LIBERTADORES DA AMÉRICA!,"Jun 28, 2023",60,64.32,69,71.42,1371,50,14539,74821,0:00:42
KYocR6iayY0,Atlético MG: Hulk expulso de novo,"Jul 2, 2023",17,58.8,29,103.05,643,6,14526,90135,0:00:17
bZ9KkQ7ZeyM,Análise dos DRIBLES de LIONEL MESSI em ARGENTINA 2x0 AUSTRALIA,"Jun 16, 2023",60,54.97,33,75.23,955,44,14501,81411,0:00:45
1xx0vdA6kIc,Chelsea gastou 5 bilhões em contratações,"Sep 2, 2023",34,54.03,27,71.04,1115,1,14353,23243,0:00:24
pHGcLlmFiS0,BOTAFOGO teve o PIOR mês no Campeonato Brasileiro,"Sep 25, 2023",26,52.44,37,85.23,924,6,14106,27914,0:00:22
WHJVO3j385I,Destaques do Água Santa na final do Paulista contra o Palmeiras,"Apr 3, 2023",53,66.3,56,54.67,445,16,14020,17943,0:00:28
GEBNeBRr38I,Sorteio Fase de Grupos da Champions League: Quem é favorito?,"Aug 31, 2023",60,51,19,75.6,1174,5,13915,50983,0:00:45
rBPN21hKxrU,"Luciano, do São Paulo, é o jogador mais reclamão do futebol brasileiro!","Apr 26, 2023",24,66.88,25,95.33,737,14,13765,63054,0:00:22
MSdHh-Y1Y94,"O que Pedro Caixinha escreveu para Léo Ortiz, autor do gol de Bragantino e Coritiba?","Dec 4, 2023",41,62.38,12,78.99,819,4,13726,29868,0:00:32
08iVNcFqCHw,Neymar sai do PSG e vai pro Barça?,"Aug 7, 2023",36,59.54,32,75.92,1245,5,13712,34729,0:00:27
XF4X78uXR9I,Torcida do VILA NOVA faz LOUCURAS pela SÉRIE A,"Nov 22, 2023",52,51.92,21,58.87,921,99,13655,69296,0:00:30
URuiImmB8xQ,"Leila Pereira, do Palmeiras, fez a alegria da torcida do Flamengo no Maracanã","Nov 9, 2023",55,55.01,24,61.45,977,41,13620,57297,0:00:33
IWSy6IduyXM,jogo do CORINTHIANS contra o SANTOS - GOL do YURI ALBERTO,"Jun 22, 2023",59,62.45,98,74.71,1283,24,13595,62500,0:00:44
wQMuoUjADK4,CLÁSSICO GOIANO entre ATLÉTICO-GO e VILA NOVA CHEIO de POLÊMICAS,"Oct 29, 2023",38,60.63,10,76.26,926,13,13594,61672,0:00:28
bakX3eLZ36Y,"Bento, do Athletico-PR, vale tudo isso?","Jun 22, 2023",33,63.14,36,83.75,758,12,13585,117299,0:00:27
5e6v6YeyGgQ,"Pedro x Sampaoli: Depois de agressão do preparador físico, tem clima para ficar no Flamengo?","Jul 31, 2023",20,47.9,32,98.4,872,1,13528,28874,0:00:19
74oUAIHZqFQ,5 BRASILEIROS que decidiram o EL CLÁSSICO,"Oct 28, 2023",60,45.91,24,51.18,1239,2,13400,31518,0:00:30
3M3UfCv9uVI,"Lucas Paquetá, herói da Conference League, não combina com o West Ham!","Jun 7, 2023",32,73.76,17,89.95,948,6,13348,133982,0:00:28
FNuFG25iMZA,Goleiro Tiago Volpi virou ARTILHEIRO,"Jul 9, 2023",20,62.92,30,110.18,894,20,13309,72404,0:00:22
nh8U3ZQklpY,Copa do Mundo foi PREMEDITADA pro MESSI ser CAMPEÃO?,"Sep 6, 2023",30,47.08,18,88.25,1173,3,13230,31429,0:00:26
M95zCCUqGvY,No FUTEBOL FEMININO o GOL precisa ser MENOR?,"Aug 17, 2023",30,56.85,11,79.65,839,4,13149,24414,0:00:23
5IYSjpm9hSM,Fluminense x Boca: quem chega na melhor fase?,"Nov 1, 2023",43,42.63,23,65.98,1223,4,13144,48181,0:00:28
C7UkuReN3h8,Quando um golaço do Cristiano Ronaldo prejudicou o Al Nassr...,"Dec 1, 2023",53,62.28,18,75.39,986,3,13136,28537,0:00:39
hD2Wo3q0374,Gol Inacreditável Perdido pelo Mosquito do Corinthians,"Aug 23, 2023",23,70.69,8,82.63,825,7,13135,23478,0:00:19
yDdvXvx0zjA,O Plano de Abel Ferreira no Palmeiras,"Aug 24, 2023",32,59.49,14,85.9,927,16,13096,30379,0:00:27
xSbWIBuFyMg,Palmeiras foi prejudicado pela arbitragem contra o Athletico-PR pelo Brasileirão?,"Jul 2, 2023",24,60,49,97.21,969,24,13035,46347,0:00:23
X59HWushCUo,Parça do Neymar no Al Hilal deve ser convocado para o lugar do Vini Jr.,"Aug 28, 2023",22,58.81,15,88.21,822,1,12958,37153,0:00:19
Xf7cTUo5naI,Lei do ex: Gol do Reinaldo contra o São Paulo,"Jun 4, 2023",9,67.15,26,134.67,349,7,12903,30672,0:00:12
2BX_RT6--AE,Por que o Payet está suspenso pelo Vasco?,"Aug 24, 2023",29,56.35,18,74.9,774,5,12593,52271,0:00:21
KQA0v4Gvn14,MOTIVO para ATHLETICO-PR querer liberar VITOR ROQUE ao BARCELONA só em 2024,"Jun 21, 2023",19,61.2,27,90.43,595,7,12495,67827,0:00:17
lXDQUICfQpk,BRAGANTINO 4x0 FLAMENGO - 4º GOL do BRAGANTINO!,"Jun 23, 2023",48,66.09,81,79.56,1020,21,12446,148576,0:00:38
L5Ee5kCGV2c,BOTAFOGO x INTERNACIONAL - O QUE foi ISSO LUCAS PERRI!? CAMPEONATO BRASILEIRO 2023,"Aug 13, 2023",45,70.02,48,85.38,1119,47,12375,83026,0:00:38
C18_FVYIHC4,Como foi o último trabalho do TIAGO NUNES antes do BOTAFOGO?,"Nov 11, 2023",56,50.72,12,53.17,1016,6,12269,48261,0:00:29
AERgF2Oj2gs,NEYMAR no CHELSEA chega para superar ESSE Top-3 de brasileiros?,"Jul 14, 2023",22,58.68,12,87.52,688,2,12267,19219,0:00:19
leiimr9BRf0,SAF funciona no futebol brasileiro?,"Sep 6, 2023",50,46.47,12,68.1,1059,4,12260,35328,0:00:34
0ZfDISPdWHU,CORINTHIANS X SÃO PAULO: Mano a Mano do Majestoso pela Copa do Brasil,"Jul 25, 2023",60,51.6,19,72,1018,13,12196,67268,0:00:43
1mU0TB8foh0,Messi maior da história?,"Aug 21, 2023",43,53.14,29,84.03,1500,37,12115,31030,0:00:36
76s6DSd-qBU,GOL DE MÃO? OLHA o que o LUCAS MOURA confessou,"Dec 13, 2023",32,62.15,12,100.86,1213,97,12107,35476,0:00:32
Z_QGOb7vaSM,CURIOSIDADES sobre a JANELA DE TRANSFERÊNCIAS do futebol brasileiro,"Aug 4, 2023",36,46.52,22,78.16,937,2,12058,46184,0:00:28
x4yEt_jHDX0,Luís Castro NÃO pode SAIR do BOTAFOGO para o Al Nassr,"Jun 17, 2023",17,63.5,33,128.28,693,9,12035,100174,0:00:21
zx1hSER7Mns,"Seleção da Espanha, Sevilla e Real Madrid... quem sou eu em La Liga?","Oct 21, 2023",38,48.51,12,65.08,926,4,11950,31587,0:00:24
o5-DNvKRAII,JOHN KENNEDY é o ILUMINADO do FLUMINENSE!,"Dec 21, 2023",52,60.25,14,83.98,1095,19,11717,21188,0:00:43
AwRLTcUxPsY,Gol mais rápido da história do Brasileirão,"May 7, 2023",17,64.48,30,108.68,591,7,11508,19007,0:00:18
JfGDS4zAfRU,"Gundogan, do Manchester City, marca gol mais rápido dos últimos 142 anos contra United - FA Cup","Jun 3, 2023",15,64.21,26,120.73,537,5,11430,18149,0:00:18
iAVIh_ZQN-I,"BRASILEIRÃO com FAX é fácil, PALMEIRAS!","Dec 6, 2023",40,52.48,17,79.7,820,13,11417,42273,0:00:31
OUolS3AV3XI,Estatísticas do Haaland e Recorde de Gols na Premier League pelo Manchester City,"Aug 12, 2023",22,55.09,37,100.96,1046,4,11392,24485,0:00:22
uG2NLecOb5w,DEYVERSON contra o CORINTHIANS foi o personagem do jogo!,"Jun 11, 2023",54,59.37,21,76.74,693,6,11354,28970,0:00:41
OmqLmKQ_V3I,Bolivar 3x1Palmeiras - Jailson estragou a estreia na Libertadores,"Apr 6, 2023",40,65.92,31,72.36,496,15,11284,145878,0:00:28
10kzskrSbEw,Lenda do Barcelona anuncia que vai deixar o clube no final da temporada,"May 10, 2023",18,54.4,30,112.16,764,1,11232,6560,0:00:20
xLrdrwIjysA,Endrick x Gabriel Jesus: quem foi melhor no Brasileirão?,"Dec 16, 2023",60,67.65,8,54.21,738,4,11168,21264,0:00:32
LrDRwxCkwcg,Sport x Ceará: quem faz gol erra o pênalti - Final Copa do Nordeste,"May 4, 2023",24,69,25,89.33,583,11,11040,120383,0:00:21
iQIULzXToxc,Gustavo Mosquito faz o gol do Corinthians no último lance,"Aug 20, 2023",25,63.25,25,90.17,861,3,11022,33925,0:00:22
zE5Kp0jPfug,"VIDAL tem RAZÃO? SAMPAOLI, do Flamengo, é um PERDEDOR?","Jul 17, 2023",23,54.16,16,100.07,641,3,10908,27800,0:00:23
TotdATWwy60,MARLON FREITAS faz GOLAÇO em corta luz de TIQUINHO SOARES -  SULAMERICANA 2023,"Jun 30, 2023",44,64.88,33,83.16,809,27,10899,39133,0:00:36
L0Bt7lqhX3o,O Calleri é ídolo do São Paulo?,"Jul 16, 2023",15,55.63,24,104.05,836,11,10870,39621,0:00:15
8EPZ3Yf4rCc,Veja o que tem no DVD que o RENATO GAÚCHO deu pro LUIS SUAREZ?,"Dec 4, 2023",59,55.83,15,62.8,889,10,10828,47715,0:00:37
PeMp13yFBkY,Estreia de MESSI no INTER MIAMI e a REALIZAÇÃO de uma PROMESSA da MLS,"Jul 22, 2023",40,67.95,14,69.84,859,3,10724,24680,0:00:27
x3rRodomqzQ,Gabigol no Corinthians é realidade?,"Dec 12, 2023",45,57.9,14,75.38,784,24,10722,56019,0:00:33
Hdld_4cUdcI,PROBLEMA do NEWCASTLE de Eddie Howe na Champions League,"Sep 19, 2023",29,42.92,14,64.62,834,1,10445,29677,0:00:18
IbTaRRut3bs,"Com o pior ataque do Brasileirão, Cruzeiro vai cair para a Série B?","Nov 14, 2023",40,49.48,12,80.75,984,4,10421,37202,0:00:32
iHUpNe8ZQWQ,BRASIL 2x4 SENEGAL - a CBF deve esperar o ANCELOTTI!?,"Jun 20, 2023",36,50.58,25,83.4,663,6,10370,23011,0:00:30
OveVNSlq6yA,Existe a OPERÇÃO SALVA-VASCO?,"Sep 27, 2023",25,47.18,7,68.42,773,4,10350,32833,0:00:17
iUgi7DpRnXQ,São Paulo x Palmeiras: O que você NÃO VIU do GOLAÇO do RAFINHA do São Paulo,"Jul 6, 2023",19,50.16,15,111.66,502,8,10242,42814,0:00:21
BXcK_iMn0-s,Mercado da bola: a culpa é do Palmeiras?,"Jul 22, 2023",21,56.41,10,100.56,589,4,10193,28312,0:00:21
 -beQ2UZSCmo,Primeiro gol do Benzema na Arábia Saudita pelo Al Ittihad,"Aug 25, 2023",42,57.04,14,66.68,774,3,10083,29314,0:00:28
2oVOFd0jUz4,PALMEIRAS x CORINTHIANS na final da LIBERTADORES,"Oct 19, 2023",58,48.97,12,44.47,723,8,9998,34046,0:00:25
iKm6B0qt4qU,Como estragar o jogo no primeiro lance,"May 14, 2023",11,62.11,24,118.04,370,3,9962,4165,0:00:12
TulnWSp08Ws,Mais um dia comum na carreira de Lionel Messi,"Jul 26, 2023",25,60.93,13,81.1,710,2,9810,18572,0:00:20
Ui8RAoC0GbA,"Inacreditável o que o Nahuel Guzmán, do Tigres, faz contra os adversários","Dec 20, 2023",46,59.94,20,88.93,966,4,9792,18316,0:00:40
L1_Vq_CSyHY,O que a SELEÇÃO BRASILEIRA perde com Ancelotti?,"Jun 18, 2023",31,38.95,46,76.29,560,2,9767,40771,0:00:23
d5K9ut-tou8,Novo técnico do Vasco!,"Jun 23, 2023",35,54.91,31,74.82,461,6,9673,161266,0:00:26
jW01F8VyGck,Esses números do MESSI pela ARGENTINA são impressionantes,"Oct 18, 2023",40,47.76,10,60.31,691,9,9672,21837,0:00:24
pAAO3RXkVdA,"OLÁVIO, ARTILHEIRO do BRUSQUE, da SÉRIE C, virou atacante aos 28 anos","Oct 17, 2023",59,48.55,17,59.35,778,2,9653,32088,0:00:35
UfzhP4t9Qis,Porque o BARCELONA quer o VITOR ROQUE!,"Jun 14, 2023",52,63.51,37,69.33,580,9,9647,88441,0:00:36
hgyB7VFa9lc,Nova regra do futebol,"Apr 30, 2023",22,59.17,31,98.89,560,2,9589,4666,0:00:21
RN04dSZ_Ehw,O Luxemburgo falou isso na coletiva Corinthians,"Jul 19, 2023",48,56.19,14,65.74,700,8,9584,33343,0:00:31
Kna9h3Trf1Q,ABEL FERREIRA vai recusar proposta da ARÁBIA?,"Nov 25, 2023",44,42.59,21,71.76,731,4,9539,26496,0:00:31
GvIOKWLsZd4,Copa do Mundo é diferente,"Jul 21, 2023",22,50.29,16,94.31,709,1,9338,20120,0:00:20
FxR9rVsBDnM,O que o NEYMAR precisa FAZER para ser o MELHOR DO MUNDO,"Jul 28, 2023",47,47.79,19,72.43,873,0,9210,20395,0:00:34
w5n7Kledgiw,DATA FIFA no Brasil NÃO EXISTE,"Oct 19, 2023",48,44.75,17,78.62,954,2,9186,24986,0:00:37
sN076fPRRME,Claudio Tencatti Herói do CRICIÚMA no ACESSO a SÉRIE A,"Nov 28, 2023",35,54.05,14,54.17,618,1,9113,27942,0:00:18
 -sL0AhAFM9g,METADE dos TÉCNICOS do BRASILEIRÃO 2023 são ESTRANGEIROS,"Jul 12, 2023",21,49.44,12,85.74,473,1,9098,27036,0:00:18
sQ5fXK2wGxs,Melhor Temporada do CANO pelo FLUMINENSE,"Aug 25, 2023",27,54.55,15,78.61,773,8,9079,26276,0:00:21
oMb3l0zdGSA,Vagner Love: ARTILHEIRO da SÉRIE B,"Jun 19, 2023",21,58.53,24,92.95,546,12,9031,91229,0:00:19
9cxdMP3MsGA,Cruzeiro: Henrique Dourado e Bruno Rodrigues fazem as pazes,"May 14, 2023",11,55.53,20,126.38,357,2,8986,9755,0:00:13
axm8Bqjujjc,Tiquinho Soares é SELEÇÃO BRASILEIRA!,"Jun 25, 2023",20,57.57,31,113.94,949,25,8911,52340,0:00:22
EovK-Ts4hLU,"DEYVERSON , o papai do FLAMENGO","Nov 30, 2023",27,50.02,22,73.3,607,4,8847,21342,0:00:19
NLtpJ-tc6Ro,FLUMINENSE 2x1 BAHIA - o GOL da virada de PIRANI,"Jun 25, 2023",42,63.11,56,83.67,756,10,8768,55273,0:00:35
rR_aidIQ4eg,História maluca: James Rodriguez no Palmeiras?,"Jul 28, 2023",38,55.35,9,67.33,647,9,8717,29048,0:00:25
ny677VCqcJE,"Botafogo, o Leicester do Brasileirão","May 8, 2023",38,65.63,18,76.39,616,32,8634,78211,0:00:29
JATHAU2H8Ic,Milagre do zagueiro do Grêmio na Copa do Brasil,"Jun 1, 2023",13,61.79,22,124.73,239,7,8632,33396,0:00:16
UMVpB5xbnJ4,LUIS SUÁREZ se despede do GRÊMIO e do Brasil,"Dec 9, 2023",44,48.54,13,57.49,660,5,8627,40202,0:00:25
tfIR4IyXegc,O GALO não tem só HULK e PAULINHO,"Nov 26, 2023",35,54.71,21,72.3,719,8,8562,31555,0:00:25
qndNxgQC-es,Hat Trick da Ary Borges na estreia da Seleção na Copa do Mundo,"Jul 24, 2023",18,52.09,14,94,644,2,8513,24871,0:00:16
hiEMWEaUAf0,HAZARD é a PIOR contratação da história do REAL MADRID?,"Jun 18, 2023",18,53.78,18,104.85,493,1,8484,9382,0:00:18
K3mlUJL9Qu0,Pipocada do Arsenal na Premier League,"Apr 17, 2023",12,61.01,13,135.28,381,1,8261,5498,0:00:16
NakyTzJ04mg,O FELIPÃO fez o GALO brigar pelo TÍTULO,"Nov 30, 2023",28,50.32,17,69.76,645,4,7979,26464,0:00:19
gmKWkla2Tt8,VITOR ROQUE ou ENDRICK: quem vai JOGAR MAIS no FUTEBOL EUROPEU?,"Jul 4, 2023",29,54.73,16,89.22,617,1,7840,17092,0:00:25
y6bBKDJG0R4,Gol do Gabigol - Flamengo 2x0 Fluminense - Copa do Brasil,"Jun 2, 2023",49,52.62,34,77.05,495,12,7611,37576,0:00:37
IIBsjAIgDMc,Corinthians vai liberar Luan pro Grêmio?,"Jul 18, 2023",28,43.7,18,74.56,631,2,7519,29556,0:00:20
_A5mPP_UVk8,Novo Técnico do Santos: Paulo Turra já chega com prazo de validade!,"Jun 23, 2023",27,53.01,15,83.87,374,2,7396,83327,0:00:23
XNL80yHitpg,Alexandre Pato vai estrear no São Paulo,"Jul 7, 2023",23,49.44,5,90.01,462,0,7347,28575,0:00:20
blstuZvn-9E,Quem é Taty Castellanos?,"Apr 25, 2023",29,62.88,6,76.36,315,1,7186,5511,0:00:22
cwJoVambR4Q,Maior DEPENDÊNCIA da história do Brasileirão,"Jul 11, 2023",22,47.54,12,96.83,522,6,6932,17979,0:00:21
rhtzdWCwuD0,"A história de superação de Léo Gamalho, do Vitória","Jul 29, 2023",36,35.75,16,65.83,738,2,6926,41093,0:00:23
bMuBWV32OLY,LUXEMBURGO é CULPADO pela queda de rendimento de RÓGER GUEDES no CORINTHIANS?,"Jul 6, 2023",18,44.77,11,103.87,475,0,6823,15761,0:00:18
JL1reemhhLA,LIBERTADORES 2023: Favoritismo nas oitavas de final é do ATLÉTICO-MG ou PALMEIRAS?,"Jul 30, 2023",24,38.82,14,77.48,535,0,6602,23631,0:00:18
SMYfpMJjvzM,Athletico-PR: Paulo Turra foi demitido por causa do Felipão,"Jun 17, 2023",43,52.43,13,76.17,265,9,6582,69096,0:00:32
hnjLUmWuRxM,MALDIÇÃO da camisa 9 do CHELSEA,"Jun 21, 2023",18,46.17,11,104.75,343,0,6564,12104,0:00:18
itQ8knW7RIM,Campeonato Italiano é o mais forte do mundo,"Apr 20, 2023",28,65.07,6,99.68,494,4,6490,5847,0:00:27
S-C2ttbPHA8,Adryelson fala quando Botafogo se perdeu no Brasileirão,"Dec 10, 2023",25,49.45,12,66.66,329,4,6385,39198,0:00:16
kUIivfZXS54,"Abel Ferreira manda recado: ""ele é Corintiano...""","Dec 10, 2023",32,40.9,13,64.88,285,4,6288,35346,0:00:20
 -Gcy4f3aDvY,Fagner merecia ter sido expulso!,"Apr 17, 2023",12,62.34,24,118.21,265,7,6251,3481,0:00:14
X54JTvBfnzM,Haaland perdeu penalti na Champions!,"Apr 19, 2023",11,64.56,27,134.8,323,1,6250,3203,0:00:14
n4AHGS543yM,POR ISSO o GABRIEL MENINO marcou esse GOLAÇO pro PALMEIRAS contra o SÃO PAULO!!,"Jun 12, 2023",53,61.76,19,73.7,322,18,6249,36358,0:00:39
8GRaZF9RIX8,PALMEIRAS X SÃO PAULO: Cara a Cara do Choque Rei pela Copa do Brasil,"Jul 13, 2023",55,41.64,16,68.82,467,1,6188,35778,0:00:37
awrzfH4O0-0,A torcida do Fluminense ficou louca da cabeça com a semifinal do Mundial,"Dec 20, 2023",47,43.67,17,53.64,421,16,6046,71640,0:00:25
wrVKKyMcDEc,CORINTHIANS 🔜 GRÊMIO: Luan vai voltar a jogar bem com Renato Gaúcho?,"Jul 25, 2023",20,42.13,8,103.35,427,0,5915,20529,0:00:20
J746U7gGiXQ,Foi PÊNALTI para o FLAMENGO contra o PALMEIRAS?,"Jul 9, 2023",21,48.35,6,89.25,363,7,5787,17290,0:00:18
m2RRxAXVFMs,Grenal: Luis Suarez faz primeiro gol no Inter,"May 21, 2023",13,57.37,23,116.76,286,22,5780,32078,0:00:15
h1o40tiq27k,Vasco 1x4 Flamengo - Golaço do Erick Pulgar na goleada do Mengão,"Jun 6, 2023",41,55.19,23,80.49,339,11,5742,35369,0:00:33
QPkcsooL32U,PALMEIRAS tira o TÍTULO do BOTAFOGO no BRASILEIRÃO 2023?,"Aug 22, 2023",31,41.76,10,74.32,446,0,5731,18988,0:00:23
MQ4DQCzRQ08,Artilheiro do Grêmio no Brasileirão marca contra o Bahia,"Jul 2, 2023",25,45.46,12,90.91,295,3,5498,52213,0:00:22
81ACszsBVi8,Tem alguém MAIOR na Libertadores?,"Jun 30, 2023",16,53.54,14,101.02,207,5,5488,10769,0:00:16
3fPmF26GOiQ,Raphael Veiga titular da SELEÇÃO BRASILEIRA,"Jun 20, 2023",30,60.05,14,68.98,307,5,5471,11119,0:00:20
jAqAJPgWAfs,Top 5 Nomes Mais Bizarros da Copinha 2024,"Dec 27, 2023",56,44.45,11,65.31,481,4,5445,11446,0:00:36
WFvKnFt6WmM,"Germán Cano, o Haaland do futebol brasileiro","May 4, 2023",27,57.33,19,77.2,312,7,5423,15363,0:00:20
VoaxZaduBY0,Mercado da bola: FIRMINO no Real Madrid é realidade?,"Jun 6, 2023",23,51.06,8,75.39,300,2,5410,7389,0:00:17
yAJCWtKA_ew,Por que anularam esse gol?,"Apr 19, 2023",18,65.97,13,107.04,182,16,5146,14252,0:00:19
I_45QZxCk_U,"Murillo, do Corinthians, colocou Hulk no bolso na Copa do Brasil","Jun 1, 2023",11,54.76,18,107.72,223,2,5140,41698,0:00:11
sPc2OjSkqZA,Cartão vermelho mais rápido da história do futebol,"Jun 26, 2023",18,50.07,4,113.76,276,1,5057,24423,0:00:20
KZI3gNmft84,Reformulação no Corinthians: Há vida sem Renato Augusto?,"Jun 21, 2023",23,45.58,15,86.28,270,0,5039,11726,0:00:19
jo4AjAiDOew,Maior GOLEADA da história das Eliminatórias Euro,"Jun 20, 2023",18,49.23,14,103.15,248,0,5003,15389,0:00:18
uPSi1vet_EE,ALLAN no FLAMENGO? FELIPÃO falou na COLETIVA após classificação do ATLÉTICO-MG na Libertadores,"Jun 28, 2023",19,39.75,8,94.4,240,4,4981,18310,0:00:17
_-4DPvyGP-8,Flamengo não para de ganhar dinheiro,"Jul 1, 2023",40,45.82,10,79.41,308,3,4936,10543,0:00:31
 -NO7ORlzY6w,Proposta do Al Nassr para LUIS CASTRO sair do BOTAFOGO é IRRECUSÁVEL,"Jun 28, 2023",20,52.28,9,108.42,320,2,4924,24761,0:00:21
mxEEKauVAlY,E a cabeça do ENDRICK com apenas 17 ANOS?,"Dec 9, 2023",40,42.15,9,54.15,409,8,4880,30393,0:00:21
2cevTTnjpzk,CRISTIANO RONALDO e BENZEMA são apostas ERRADAS do futebol da Arábia Saudita?,"Jun 22, 2023",22,44.59,12,98.34,360,2,4852,15966,0:00:21
TsBPsfW1BFw,PALMEIRAS PREJUDICADO no Brasileirão: CHORORÔ ou COMPLÔ?,"Jul 4, 2023",35,45.01,7,71.21,254,3,4838,11834,0:00:24
ek2xM5hl_Yg,Fluminense foi prejudicado pela arbitragem contra o Flamengo na Copa do Brasil?,"May 17, 2023",15,55.51,13,108.48,161,4,4820,5646,0:00:16
S8BTsxBhzLQ,Reforço de peso no Athletico,"Jul 11, 2023",22,35.52,9,100.5,317,2,4769,19441,0:00:22
a5ZN5HnXEiE,Internacional ACERTOU na contratação do ENNER VALENCIA?,"Jun 13, 2023",20,56.39,7,86.95,254,5,4693,28126,0:00:17
djGeyNlIWx8,Gol do Sevilla x Manchester City na final da Supercopa da UEFA - Análise,"Aug 16, 2023",57,57.34,20,65.69,561,1,4650,11778,0:00:37
npiwIGqVKtQ,Atual CAMPEÃO x SENSAÇÃO do Brasileirão 2023: Cara a cara entre Palmeiras e Botafogo,"Jun 25, 2023",47,46.85,7,67.32,270,1,4571,28030,0:00:31
Y46mWSOnZFk,Gabigol daria certo na Europa?,"Apr 17, 2023",17,41.78,11,89.56,144,2,4561,5685,0:00:15
k_dSRH-MAa8,Mais um raio que caiu na Vila Belmiro,"May 25, 2023",21,57.1,16,87.44,157,2,4553,12449,0:00:18
cp0sa9yQcM8,Corinthians punido: jogo SEM TORCIDA,"Jun 14, 2023",24,51.74,18,97.77,209,2,4533,18016,0:00:23
gOqQ0NauHmM,Andrey no Vasco: valeu a pena?,"Jun 26, 2023",21,48.75,4,98.75,256,0,4509,13598,0:00:20
_yZUlxFfGc0,MARROCOS é um BOM adversário para o BRASIL,"Mar 25, 2023",60,59.51,18,53.3,180,0,4390,2266,0:00:31
tDgwnVwLXaI,NOVO TITULAR no Flamengo?,"Jul 3, 2023",28,43.45,0,95.35,277,1,4328,12721,0:00:26
st5VQSqIwhk,POR ISSO o Palmeiras VENDEU Gabriel Veron,"Jun 15, 2023",23,50.86,11,94.08,187,3,4306,15768,0:00:21
5kjd_enB9W8,Diego Souza vai aposentar?,"Jul 2, 2023",22,42.47,7,83.66,188,0,4291,12634,0:00:18
pQ_RzvHGwbU,Premier League: Jogadores que passaram por Arsenal e Chelsea,"Apr 29, 2023",18,52.43,11,97.59,196,7,4016,6018,0:00:17
fB-aDtuwOQA,Pior início de Libertadores do Flamengo desde 2019,"Jun 30, 2023",26,46.82,7,99.68,209,1,3940,10882,0:00:25
 -U7EMtCH1GU,São Paulo x Tigre: A verdadeira história de 2012,"Jun 27, 2023",55,42.75,9,74.47,274,17,3931,25747,0:00:40
LUH1iC_ZpdQ,Brasil x Marrocos: Escalação!,"Mar 25, 2023",60,61.14,13,61.46,199,2,3905,3604,0:00:36
CHqxp1yddRs,"John Textor falou, Weverton respondeu!","Dec 9, 2023",49,34.77,5,40.38,272,3,3839,22250,0:00:19
1USgh2RHaGc,Haaland não tem o recorde de gols da primeira divisão inglesa,"May 4, 2023",34,60.17,10,79.2,252,2,3728,6878,0:00:26
dXJwAOd0Idk,Jogadores Mais Caros da História do Real Madrid,"Jun 15, 2023",40,46.75,12,77.71,246,2,3713,6171,0:00:31
dKEe6ij46dM,Top 5 Vendas da História do Borussia Dortmund,"Jun 15, 2023",39,58.14,7,79.88,182,0,3668,7719,0:00:31
uxj3YzePCB4,Pênalti não marcado pra Juventus contra o Sevilla na Europa League,"May 11, 2023",13,44.35,7,113.19,164,16,3626,22351,0:00:14
s8mxn3yl8NM,São Paulo vendeu BARATO o BERALDO pro PSG?,"Dec 29, 2023",47,47.05,4,59.52,350,3,3576,8057,0:00:27
IVHCLToUkHk,Primeiro gol do Danilo na Premier League,"Apr 26, 2023",15,55.46,16,107.55,190,1,3553,16865,0:00:16
F1ZfigTZInE,Fábio é o brasileiro com mais jogos na Libertadores,"May 26, 2023",49,54.28,4,54.43,159,6,3534,6229,0:00:26
5Wba3U0P4aY,"Números de Luis Araújo, reforço do Flamengo","May 19, 2023",19,45.47,13,94.31,184,0,3507,11924,0:00:17
uzFpHNJwDhg,Artur estreia no Palmeiras: Abel Ferreira desperdiçou R$ 45 milhões!,"Apr 6, 2023",26,60.42,9,79.26,119,0,3435,3668,0:00:20
Oh9Ja6hE8iM,"Chelsea 0 x 0 Liverpool: Kanté, o homem do jogo!","Apr 5, 2023",35,48.12,11,75.4,172,2,3426,2456,0:00:26
K_hXS-kmy1c,Brasil x Marrocos: Sem Favoritismo!,"Mar 25, 2023",60,61.36,14,46.7,174,0,3252,3405,0:00:28
r6Gv8LgSo7o,PIOR técnico do CORINTHIANS desde o REBAIXAMENTO no Brasileirão,"Jun 16, 2023",19,42.17,8,105.62,172,2,3242,9878,0:00:20
YC_d6Jbws_s,Final do Campeonato Carioca: Flamengo é freguês do Fluminense,"Mar 31, 2023",31,50.34,19,68.93,189,7,3239,10704,0:00:21
wjrNkmp6a3U,Só vale gol com bola rolando?,"Apr 19, 2023",25,50.86,9,82.26,137,0,3164,2963,0:00:20
 -vNWilFbSnA,Escalação da SELEÇÃO BRASILEIRA mostra situação PREOCUPANTE,"Jun 17, 2023",20,42.02,7,102.05,157,2,3113,9266,0:00:20
 -YMjdXsnci4,Murillo: a única notícia boa do Corinthians em 2023,"May 3, 2023",27,48.86,11,69.31,179,3,3092,9375,0:00:18
h7ev2BAYOBM,Mahrez e o que ele pode fazer contra o Liverpool no sábado!,"Mar 29, 2023",48,59,8,68.76,129,3,3046,429,0:00:33
1S20lzlocsU,Posse de bola é tudo no futebol?,"May 15, 2023",18,51.97,5,91.43,137,0,2961,8345,0:00:16
ENWzKie95Wc,Athletico-PR e Botafogo foi inspirado nas históricas trilogias do boxe,"Jun 4, 2023",18,47.16,9,83.17,85,0,2904,11910,0:00:15
qIyaDecKTIA,Alexandre Pato no São Paulo: Vai dar certo?,"May 26, 2023",18,38.75,13,92.99,131,3,2904,19880,0:00:16
n4GztgbLCTQ,Premier League: Quem é melhor passador na história?,"Apr 11, 2023",43,41.68,13,71.03,201,2,2883,3009,0:00:30
yfabeJ2amo8,Liverpool-URU 0 x 3 Corinthians - A substituição que mudou a estreia na Libertadores,"Apr 7, 2023",51,50.51,11,48.84,138,3,2866,4511,0:00:24
Uf8A64K60VE,Bento salva o Athletico contra o Galo,"Apr 19, 2023",17,60.03,10,109.32,149,2,2864,10875,0:00:18
ZXG6cp3Jbvs,Bruno Henrique titular no Flamengo?,"Jun 12, 2023",51,46.37,6,61.44,156,1,2860,6663,0:00:31
UpLxKC49Ap4,"Conference League: Viradas, Lei Do Ex e Hommer Simpson!","May 12, 2023",16,44.11,8,83.3,97,0,2855,7400,0:00:13
wP-7HMCPWBg,América MG x Atlético: a final que já era esperada no Campeonato Mineiro,"Mar 31, 2023",51,52.05,17,49.96,125,2,2816,13837,0:00:25
eqwZu3IN-YY,Weverton decisivo para o Palmeiras no Paulistão,"Apr 10, 2023",17,52.44,16,90.01,132,0,2769,3875,0:00:15
7n-qX51crFY,Botafogo: Tiquinho Soares tem estatística absurda no Brasileirão,"May 21, 2023",20,43.18,9,91.28,151,2,2709,12341,0:00:18
PmEqGMB_Fxw,Sport x Ceará: Barroca é melhor que Vitor Pereira - Final Copa do Nordeste,"May 4, 2023",21,47.56,8,95.09,150,2,2709,18352,0:00:19
z8kFN0bMxiQ,Mercado da bola: Fim da era Messi e Cristiano Ronaldo,"Jun 7, 2023",40,49.98,11,84.9,179,5,2654,7935,0:00:33
_4tPlN_EMBQ,Novo técnico do Corinthians,"Apr 20, 2023",28,55.11,9,69.41,119,1,2613,8584,0:00:19
zU1x6crIB3U,Vini Jr. marcou gol sem entrar em campo pelo Real Madrid contra Rayo Vallecano,"May 25, 2023",17,51.61,14,91.38,113,2,2538,5934,0:00:15
DbUfkSDSJeY,Atlético MG x Libertad - O Galo precisa melhorar isso!,"Apr 7, 2023",50,44.49,4,40.94,93,1,2522,5488,0:00:20
2gQsTZqHETo,Esse time venceu TODAS as finais,"May 19, 2023",16,57.17,11,96.44,97,0,2520,5346,0:00:15
ho-4PO_w0b8,Aucas 2 x 1 Flamengo: Altitude não é desculpa para derrota na Libertadores!,"Apr 6, 2023",53,49.92,7,45.53,84,3,2513,3919,0:00:24
zKBs5nlLQbE,Ind. Medellin 1 x 1 Inter - Luiz Adriano comprometeu estreia na Libertadores,"Apr 5, 2023",34,61.1,6,87.33,112,0,2507,4887,0:00:29
 -sxumM4bA6Q,Montiel: gol do título da Europa League e Copa do Mundo,"May 31, 2023",17,43.32,16,102.1,141,2,2499,6675,0:00:17
6rieXZ3xT-U,É impossível fazer gol no Athletico-PR?,"May 24, 2023",23,46.02,4,83.06,99,0,2475,17649,0:00:19
0KwzWWhjh2M,"Hulk, do Atlético-MG, treme contra o Palmeiras!","May 29, 2023",16,46.31,2,91.71,82,0,2471,6668,0:00:14
ham2npuOtl4,Manchester City não é o único bicho-papão do futebol europeu,"May 18, 2023",19,35.67,5,103.83,96,0,2463,4715,0:00:19
Fw0e8hPyeY8,O melhor centroavante do Brasil,"Apr 28, 2023",23,49.17,13,100.55,163,4,2456,5053,0:00:23
xwaVelyyaiM,Alianza Lima 0 x 0 Athletico-PR: estreia com empate na Libertadores!,"Apr 5, 2023",42,48.07,5,62.39,59,0,2444,4807,0:00:26
fr6cErScP3g,Fernando Diniz x Balotelli: Que duelo!,"Apr 6, 2023",21,48.74,3,102.23,92,1,2413,3139,0:00:21
Axi08WXlKD0,Haaland engolido por Rudiger em Manchester City e Real Madrid pela Champions League,"May 10, 2023",20,59.55,7,81.1,96,1,2406,5306,0:00:16
PMGVA4Sz2ks,Time quer jogador envolvido com esquema de aposta,"Jun 14, 2023",18,39.2,8,104.82,107,0,2347,6063,0:00:18
41KozqL9zk0,De Bruyne e Haaland ganharam a Premier League para o Manchester City,"Apr 26, 2023",26,58.86,7,78.54,106,2,2232,532,0:00:20
uhkl-VF4SFI,"Calleri, do São Paulo, é o terceiro maior goleador do Brasileirão desde 2021","May 21, 2023",17,36.18,9,91.05,112,4,2232,13263,0:00:15
aRqKv3cy2Bk,Grêmio: o GRENAL muda tudo!,"May 27, 2023",20,40.53,13,98.46,106,2,2154,6683,0:00:19
SJxH8oLapTc,José Mourinho está entre os maiores técnicos da história da Roma?,"May 19, 2023",15,56.71,3,88.73,90,0,2148,6587,0:00:13
5l2yIT1Yvwc,"Juventus 1x1 Inter de Milão - Bremer, o responsável pelo empate","Apr 4, 2023",36,57.98,8,69.56,86,0,2106,3535,0:00:25
qq_wncmwCfo,Roger Guedes merecia convocação?,"May 29, 2023",16,38.43,6,98.99,105,1,2081,5594,0:00:15
MRTKFWQQ-KQ,Como o BRASIL vai jogar contra o MARROCOS,"Mar 25, 2023",60,61.62,4,46.87,91,0,2040,2288,0:00:28
YhaaFfWsYR0,Gerson com Sampaoli é nível Seleção Brasileira,"Jun 9, 2023",54,46.81,4,61.23,139,2,2026,7603,0:00:33
CYPKcR4P-PY,Premier League: Ivan Toney fez 13 apostas contra próprio time,"May 26, 2023",16,39.21,1,109.06,77,3,1992,5593,0:00:17
6ROor_qsKwc,Tigre 0 x 2 São Paulo: acabou a zica!,"Apr 7, 2023",57,48.98,4,44.61,110,1,1979,5113,0:00:25
s-LKnlzafog,Brandt volta de lesão e é reforço no clássico contra o Bayern Munique principalmente por isso!,"Mar 29, 2023",30,46.11,7,59.39,55,0,1954,576,0:00:17
Q_C7IU19YME,"Bono, herói de Sevilla e Roma na Europa League, o melhor jogador africano da temporada","May 31, 2023",18,49.16,7,86.4,101,1,1939,1390,0:00:15
p3lQ6AwmQNI,Palmeiras escalado para final do Paulista contra Água Santa,"Apr 1, 2023",50,38.45,7,50.27,71,0,1916,3674,0:00:25
mBTMAMSX-Yw,América não é zebra contra Atlético na final do Campeonato Mineiro,"Mar 31, 2023",39,36.52,8,47.23,70,1,1817,3795,0:00:18
DiNj-4TjCIU,Vitor Roque: carrasco do Atletico Mineiro,"Apr 29, 2023",18,49.51,7,90.87,104,1,1803,12485,0:00:16
HoDoCgrA5Zk,Flamengo: Esse é o pior início na Libertadores em cinco anos,"May 25, 2023",17,39.17,3,80.17,58,0,1771,5143,0:00:13
Mtc9a5qLvJY,Os 5 jogadores mais experientes do Brasileirão,"Apr 15, 2023",55,53.47,7,58.31,120,0,1762,2805,0:00:32
aqUEBvPe2Sk,Lenda da Premier League está de volta!,"Apr 10, 2023",25,53.13,8,80.8,87,0,1723,2993,0:00:20
jC9mU58mEc8,Vanderlei Luxemburgo é o novo técnico do Corinthians,"May 2, 2023",31,52.08,5,70.41,78,3,1708,12833,0:00:21
5twxd72O2_A,Gabigol x Pedro: Quem deve ser titular do Flamengo?,"Apr 4, 2023",37,46.59,11,67.9,100,0,1708,3084,0:00:25
JNnxbq9kC3Q,"🤪 Spinazzola, da Roma, mexeu com o jogador do Leverkusen na Europa League","May 12, 2023",11,52.01,7,116.72,49,0,1695,546,0:00:12
P0uW3BMLBJE,Fora da final do Carioca: Quantos jogos Arrascaeta já perdeu por lesão no Flamengo?,"Mar 31, 2023",45,56.53,3,49.6,80,0,1668,2684,0:00:22
8YNWnVsxsQc,Bayern de Munique Campeão da Bundesliga,"May 27, 2023",56,38.01,10,63.14,84,5,1601,3364,0:00:35
TSwPsKb_-AI,Qual a chave pro Palmeiras ganhar do Água Santa na final do Paulista,"Apr 1, 2023",52,57.1,9,35.58,76,0,1475,2394,0:00:18
vM7Q2KHnLoQ,Manchester City x Liverpool - O que esperar?,"Mar 28, 2023",56,58.26,4,43.88,59,1,1406,577,0:00:24
1dZ8FfJG__o,Musiala pode definir o clássico contra o Borussia Dortmund com esse movimento!,"Mar 29, 2023",43,60.65,3,57.09,46,1,1397,364,0:00:24
ci-yGVfGDAE,Bragantino 2x0 Santos - Campeonato Brasileiro - Gol do Vitinho,"May 29, 2023",46,58.26,2,74.78,92,0,1305,7814,0:00:34
Q0QfD2gI6_I,COPA do MUNDO FEMININA 2023 - o PRIMEIRO GOL da COPA - NOVA ZELÂNDIA x NORUEGA,"Jul 20, 2023",48,84.82,2,80.3,116,1,1128,6350,0:00:37
yBCSUgUCjPU,Kvaratskhelia e sua capacidade de mudar de direção em 1x1.,"Mar 30, 2023",59,50.43,5,48.46,36,2,1048,211,0:00:28
dRxMoWFzTTM,Blooming 0 x 1 Santos: ganhou roubado na Sul-Americana?,"Apr 5, 2023",54,50.84,1,61.25,54,1,978,6496,0:00:33
UMJpUS5xdu4,SPORT melhor que CITY e REAL MADRID,"Jun 24, 2023",24,61.11,0,84,12,0,123,321,0:00:20
